bwt_proxy,gi_proxy,representation_drift_proxy,task_similarity_proxy,update_magnitude_proxy,ccce,q_target,q_control,label_violation
-0.907254565837604,-0.652189621578964,3.5648808194722,-0.6196909848244047,1.4288186405394299,3.1950231855881652,1.8306066698498804,-1.3644165157382848,0
-0.6947842966316506,0.26025751937213776,1.9156313155328237,-0.04412658182800078,1.5877509291097986,0.7831470936689613,-0.26101900236557674,-1.0441660960345385,1
0.22361549006409412,0.18054382187686852,2.301600057607626,0.37569900160023206,1.559164041477532,-2.0159760904501822,0.318084246741348,2.3340603371915307,0
2.0224811096464332,-0.8929576463545957,1.9569004343993044,-0.8615003896117183,0.9416188451569846,3.057014281976728,2.0244672861807,-1.032546995796028,0
0.432819972335358,-0.32447941153725846,2.833215480487943,-0.41839029043604226,0.34346072822988194,1.3138785868863783,0.6287993433457456,-0.6850792435406325,0
4.272617844399468,-0.03341900588604592,5.061017760120752,-0.009863267485539349,1.6497162270828711,4.7889963857778834,5.770576283111335,0.9815798973334526,1
1.644990001852268,0.9999999995442758,1.888729310279847,0.9999999995076678,1.1764162448682074,1.5413511885868159,1.7879524969598757,0.24660130837306016,0
0.32883046217447137,0.9999999992427956,2.648336709127917,0.9999999989997136,0.7799074305448427,-0.4022229661480351,0.1564854132283905,0.5587083793764256,0
-2.1620017900931368,0.9999999996702873,1.9879487404771272,0.9999999997346628,0.8442318133088142,-0.24392235263511186,-0.5785516170955134,-0.3346292644604012,1
0.43438341627306754,0.9999999994914858,1.4930554100627633,0.9999999996657718,0.7777390800752694,0.4309525397675549,1.8675929199856434,1.4366403802180887,1
-1.6478709522596773,0.9999999998897862,3.668862797006208,0.9999999999077362,2.3571805137964885,-1.3476232052912072,-3.256065272165423,-1.9084420668742157,0
0.2547141731588835,-0.9335050424307149,2.6832691340543158,-0.8039795627166141,1.282001956173512,3.8419252939056587,0.22845958121380144,-3.6134657126918572,1
-1.0599753612057161,0.38286437130032086,3.6682789931000483,0.2658665602173482,1.9348409799577915,-2.4134282516725682,-1.2778127387338658,1.1356155129387027,0
-3.7347766413557784,0.9999999999217483,2.9753448983705395,0.9999999999208073,2.1359765365975414,-0.6598706664235604,0.20218116609783232,0.8620518325213931,1
3.867698790929687,0.999999999852014,6.062582039362143,0.9999999998412038,1.8719940774662207,4.666933541897645,5.7460542648971575,1.0791207229995123,0
-0.07899944629935507,-0.5228203432250502,2.7739672176075807,-0.26605987451707197,0.5668799212097057,-0.6514719076481634,-1.0144960424925322,-0.36302413484436863,1
-0.6312944041438195,0.6934136125822121,1.7252372683197217,0.4922282734546386,1.2166315230261329,-0.25792902421317226,1.1427711872906672,1.4007002115038398,0
1.132632820044,-0.14549409272887703,6.262944925165751,-0.2418911937156662,2.5891512429695815,-3.1457072775195143,2.3398312358093496,5.485538513328863,0
3.0967118752050133,0.058118032052586956,1.6599987172883162,-0.4700692219424199,1.3996550987400882,1.5356804440041723,2.410159803913912,0.87447935990974,1
0.6915449630221044,0.5744467455261656,2.97358242156494,0.44412536816763326,1.715034191133432,2.4635325526457383,1.557594027454951,-0.9059385251907879,1
2.5586477844224844,-0.023613478938271586,4.85569718756827,-0.13848526459892732,1.716617152748555,1.4123325800439048,1.2916349951034207,-0.1206975849404841,0
0.8953461227899857,0.11725858126618256,2.881504129461513,-0.057402218785738764,1.4946414476818237,2.367545305958563,2.462868885763437,0.09532357980487427,1
-0.041232279877780144,0.9999999994222358,1.7618359818849438,0.9999999981450913,1.0891591654816948,1.1754730561816402,0.18007303908996047,-0.9954000170916797,0
0.8217525848085399,0.9999999998749697,8.022468213832116,0.9999999998550171,2.4604879295350472,-0.015455793772215355,-0.29409883970665296,-0.2786430459344377,1
-0.21637919508606415,0.27702863307807696,1.7967386780229566,0.051557662078403975,1.313596715482526,5.333760703482776,3.631115675072224,-1.7026450284105512,1
0.0019844219971889613,0.9999999988798564,1.6643495260588974,0.9999999991380563,0.8726044663365331,-0.08892030940870511,-0.7183849614752087,-0.6294646520665035,0
-3.909210922173497,0.9999999999022383,4.348072299528856,0.9999999998841733,2.418049484482521,-1.149447293339714,-0.7624022874907666,0.38704500584894713,0
-0.3051975092442684,0.9999999998795257,2.7791351315049924,0.9999999998345309,2.1680320008332394,-0.22486867183972362,0.44018967389886615,0.6650583457385898,0
-0.08438124817684807,0.6040015298658308,0.7488013690021987,-0.08240987239693341,0.44687176077603236,2.3790144386206102,-0.18801056169879438,-2.5670250003194046,1
0.193255337136378,-0.17150241455153883,1.625216600155847,-0.24570640702007973,0.9533245178866615,-0.51232577831091,0.39906217462204785,0.911387952932958,0
0.18343326679392388,0.999999999622197,4.359912264008458,0.999999999470675,1.4492775734746692,-0.1639717017602209,-0.513079921216143,-0.34910821945592224,1
1.0268159279307576,0.9999999998834938,5.059790707165123,0.9999999998846714,2.596457684212406,-0.5876227153945368,-0.9273084944406833,-0.3396857790461463,0
-0.46826823376774146,-0.3290237491743257,1.1441366437826819,0.1285366413065559,0.7718250457851638,-2.432933839218131,1.4466577683746158,3.8795916075927463,0
-1.2287195710459555,0.039183915094010445,2.339362352055233,0.3657781305045534,1.3505181845500054,-1.146220203464078,-0.7058255222908777,0.44039468117320035,0
-1.2787648356428032,0.26852927150913936,8.44240082671075,0.2338570709685589,1.7687337205724336,-2.0321417736796223,-2.235413298444848,-0.20327152476522525,1
-0.08979250352039213,0.09057205092962117,1.4402993055812001,0.10135105542925225,1.071091487394466,-0.44575401561449773,0.9873295561180023,1.4330835717325001,1
-1.2359369744787534,0.9999999996752014,2.452252778782322,0.9999999997102108,1.3498843082891359,-0.9928465187782647,-2.442489661512618,-1.4496431427343532,1
-0.8250512648195273,0.5769442923245838,2.467335660366003,0.3392978655797899,1.2764221555586002,-3.150735054518664,-1.0451518194947813,2.1055832350238823,0
-0.5396510508358255,0.7842791768030057,1.798767581396803,0.6815458616582691,1.1036241033260952,-0.4980691478257143,0.27255207714274077,0.7706212249684552,0
-0.12670030728803472,0.9999999989704041,0.5625663760329109,0.9999999987734959,0.4993125520929086,0.21047836761236363,-2.4726726924037665,-2.68315106001613,1
-1.8037698085270046,0.9999999998453958,1.855690824042726,0.9999999997026812,1.3878807788799081,-1.0719126552916332,-0.631890715410635,0.44002193988099825,0
0.11617956294209106,0.9999999997987002,2.0613401583370705,0.9999999997800095,1.2628764768420393,-0.17974917280262703,0.35575722337228566,0.5355063961749128,0
-0.20049336219651795,0.9999999998493083,2.2628024962077182,0.9999999997614741,1.4798340655776563,-0.676786717374484,-1.1654746747586742,-0.4886879573841903,0
-0.80918748785275,0.9999999991559335,2.037289929441651,0.999999999075327,0.7090235940517152,-1.1266590870889437,-0.6859672442377357,0.4406918428512078,0
1.8013922032222667,0.9999999992411256,1.9452567233918006,0.9999999988900647,1.0750310305440496,1.0093637024388362,1.1470798536485678,0.13771615120973163,0
0.6709135952983166,0.9999999993751852,1.5527843250657123,0.9999999995628425,1.064036684285397,0.9466591206364127,2.335732891681696,1.3890737710452834,1
0.9707054785133803,0.9999999995111978,2.0492026760359203,0.9999999987099264,1.191726811602655,-0.000588916044510236,0.11682838962482361,0.11741730566933388,0
1.380218032554439,0.9999999997992676,4.396906227386486,0.9999999998352594,1.1625534643763813,0.011371100338305932,-0.22433305792113112,-0.23570415825943725,1
1.9716872560215961,0.9999999998655316,2.4973685470286613,0.999999999879718,1.505070986879868,0.40790696905325574,1.1776862779733543,0.7697793089200984,0
0.5885854047492608,0.9999999997172109,2.2292975241971518,0.9999999995929637,1.4183849502561465,1.5791109299305457,1.7772158071212631,0.1981048771907174,1
-0.8720877782516753,0.48574452736956314,2.3069956602952684,0.5820369946855136,0.477753031923239,-1.446092526763642,-1.1241093443065118,0.3219831824571299,1
1.6032224133333672,-0.201778296172918,3.3890111528419404,0.0064738011803429744,1.4080584515674015,2.9015125325150035,0.18331864940632725,-2.7181938831086763,0
3.7457813705786385,0.9999999998825948,4.354113161642224,0.9999999998246961,2.6746047811774933,3.2817681563084182,4.773016333288183,1.4912481769797648,0
0.3895468026532054,0.9999999995111022,1.0518270340095948,0.9999999993310149,1.1236236151053427,0.14395031190800456,0.4106303143819793,0.2666800024739746,1
-0.5400882013063495,0.570575781841256,1.7129171560258927,0.37990287858149885,0.925091900668532,-0.527821553062841,-0.5985244789680029,-0.07070292590516185,0
0.1788333134876159,-0.31569249564870855,3.4241535061492945,-0.4319425456965795,0.8771214294116149,1.034005181501944,1.1619938900682771,0.12798870856633277,0
0.36893451168765684,0.3697608331015231,2.6727777226405385,0.11541204059507952,1.3370479195405771,-1.342338990874251,-1.3698342547450961,-0.027495263870845332,0
0.5993897801130358,0.9999999996912168,2.1186846994694704,0.9999999997270559,1.1709330985823097,0.10305809499003322,1.8606849507032257,1.7576268557131929,1
-4.0673079522612525,0.9999999999228099,6.650905637134669,0.9999999999060372,3.273509160924745,-0.29079216029336746,-0.9176407678656191,-0.6268486075722517,1
-0.49103452616477794,0.9999999997185065,1.479723042369117,0.9999999995200073,1.3167340582388465,0.3457273672625877,-1.46453231871231,-1.8102596859748976,1
-1.6180100765188534,0.9999999998809863,3.0372543317154834,0.9999999998598645,2.1288142185500534,-1.1977635696451348,-3.843916766124521,-2.646153196479386,0
-1.3134764527008618,0.23275781275212368,3.6744318169801504,0.37653865381518314,1.6871903854063584,-3.588297987011329,-5.922802495043638,-2.3345045080323086,0
-3.3484979494987286,-0.44868712696030744,3.43062964576554,-0.44173512338848975,2.017768102520052,-3.529993934485964,-2.8039318073975417,0.7260621270884229,1
0.7958902721301608,0.013042157825330932,2.4020196817310207,-0.15183235341536033,1.7139702360129792,-2.1857045474298604,-2.8850922837210824,-0.6993877362912215,0
-0.2637681380150056,0.999999995068763,0.8541430500366176,0.999999996647907,0.3765805429093627,-0.1359553717504268,0.06677312959389337,0.2027285013443202,0
-0.6081927261571822,-0.4768702932350068,11.931635749160694,-0.5689882833761463,1.8412593385166827,-2.3302573726549474,-1.5158518259932303,0.8144055466617168,1
-1.3357649248300794,0.9999999996725726,3.0685508009815625,0.9999999996763732,1.474432899153845,-0.09608661024957703,-0.41165778657365426,-0.3155711763240771,1
-1.6819113165491433,0.03496029458563706,2.623844931977271,0.3921156018686901,1.5935495790860283,-4.842320326136053,-3.865351224479887,0.9769691016561665,1
-3.7852561927171293,0.9999999997843514,2.358084672985417,0.9999999998036735,2.036479290329836,-2.4598249374245174,-3.364079210519011,-0.9042542730944935,1
-1.201573966679334,0.3520736412994968,2.1212584977464704,0.5590624901723056,1.5103903726003851,-2.52948244625655,-2.29547404402884,0.23400840222771016,0
-0.716231073146188,0.999999999861707,3.482352996820836,0.9999999998003382,2.2757480239698764,-1.3722404412435982,-1.6974407384869499,-0.32520029724335164,0
-0.03171124996416556,0.4173728708711561,3.709594946382591,0.1310092573221146,1.6788001151401657,-0.8591932138740244,-1.1608940544933508,-0.30170084061932634,1
2.4177910762299413,0.999999999757664,2.614071499006624,0.9999999997980342,1.5164491295916889,0.958358466786235,2.3129744381862554,1.3546159714000203,0
-1.6037202407650997,0.9999999994681381,1.8447199498713396,0.9999999989365966,0.9063049761795824,-1.486080918833742,-0.7692855226182612,0.7167953962154808,1
1.6071882895355791,-0.7806033139062789,1.9155118770109483,-0.7759921065130169,1.376042589205553,5.201534055906016,1.9647648251890972,-3.2367692307169196,0
-0.005677777081805725,0.999999999584319,1.4998041573913916,0.9999999997145257,0.8216509408818922,-0.6750007338026586,-1.067304623093729,-0.3923038892910705,1
1.8383809420221817,0.9156069230111222,3.8794467944824564,0.9114630000194602,1.7795206674158754,1.078491849096295,1.0590473943203835,-0.019444454775911335,1
0.8634361178399594,0.9999999997512903,2.178660026402369,0.9999999997423575,1.494699242915914,0.5213070592105807,1.1215567593026103,0.6002497000920293,1
-0.3600708267617079,0.9999999998263435,5.569636197791594,0.9999999998255761,1.444148599720759,-0.39546980388491454,-1.3017962660967688,-0.9063264622118541,0
1.8365032265526275,0.23574423295527824,3.9994536872478004,0.20275399757902188,2.256623023590099,1.5639771432365708,1.690373968727915,0.1263968254913439,1
1.5193668624741252,0.9999999997966882,1.8130078811163004,0.9999999998437397,1.367349887578702,0.9233708541961072,3.375332217334747,2.45196136313864,0
-1.9453843016105126,0.9999999998284659,3.4544572939428075,0.9999999998672832,1.8307589883047442,-0.20582516828472266,-0.23604645436955218,-0.0302212860848301,0
-1.5100646686982109,0.9999999995306756,3.000902630883484,0.9999999993168169,1.2657535415854055,-0.42921644101541084,0.372654226561059,0.8018706675764697,0
0.9886183151107271,0.9999999995073039,2.0886859467775083,0.9999999995696901,1.2130640771782322,-0.08461255295652248,-0.10887695711440404,-0.024264404157881628,0
-1.311034603481088,0.13060644653069053,1.6190810713294457,0.2042959124003899,0.7172659566919284,-1.5241483142135128,-2.1768154759940317,-0.6526671617805189,1
3.9473163605464183,-0.5523103172226035,2.8985540632453075,-0.8488183190805204,2.0444559121592096,4.846021392191998,2.9327322754021674,-1.913289116789831,1
-1.900376765143981,0.9999999998254073,8.599461977435613,0.9999999998548947,2.1971030206363147,-1.821975111337668,-2.8691379488133566,-1.047162837475688,0
-0.1286135935608692,0.9999999996290615,1.0692398635199691,0.9999999997097614,0.9161402693396684,-0.2985035082288217,-3.061364321440709,-2.762860813211887,1
-0.06443577960782636,0.9999999994611899,2.575306359945126,0.999999999511659,0.7760960263629991,0.2820212569733267,0.597642366985383,0.3156211100120564,1
0.24403828364130906,0.999999999830637,2.3509610981793334,0.9999999998476599,1.6165469651062396,1.3616399474655985,0.796107434030188,-0.5655325134354103,0
0.46047915805602707,0.4284291302044743,0.8924788599071001,0.46317555324728527,0.6488350010239068,0.14954324524344886,-1.127276384994562,-1.2768196302380113,1
-1.0282863578931458,0.008215796279403822,0.9657448529851729,-0.4976986031305564,0.8108915102478357,-4.616976984489226,-0.8356661760392698,3.7813108084499563,1
0.4130465749436248,0.25445117068791007,4.431027988028047,0.2516750454699102,1.427652310050924,-1.8767501304328529,-0.5280958814759856,1.348654248956867,1
-0.00960633610346207,0.9999999992638806,1.976396556709845,0.9999999995158291,0.6108819207587654,-0.3010820146871501,-1.5731036238797127,-1.272021609192563,1
-4.131949425715984,0.9999999996992721,1.9058890189648023,0.9999999996936803,1.6288115682404931,-1.4318974423140411,-3.0232372416978546,-1.591339799383813,0
0.6620426195235211,0.9999999997856936,2.2235351600942517,0.9999999998447039,1.66228014527356,1.8323662862597394,2.505573800517949,0.6732075142582092,0
-1.3477191282642842,0.6223052871824434,2.193169926214022,0.31170335904078833,1.905725889426328,6.7680510215219005,-0.20564819623197472,-6.973699217753875,0
-1.0736395598707373,0.9999999998203725,3.8422560363236014,0.9999999998374844,1.7409074385557646,-2.4753516528004167,-4.216345404325134,-1.7409937515247167,1
-1.1320848679829476,0.39547066317345153,1.5175958941724306,0.5393883470255535,0.964796178055738,-0.7245473260841958,-1.527174997427739,-0.8026276713435435,1
0.25625878415881204,0.999999999832307,4.530504040209884,0.9999999998431256,1.3514037034327613,-0.1208506622847576,-1.1422110897203785,-1.0213604274356207,0
-0.8868574427511746,0.9999999996302168,2.054336454918037,0.9999999996402413,1.3661954502101434,1.4029142408173962,2.6926323506159227,1.2897181097985264,1
-0.9319140552458333,0.9999999992066996,1.4663083662666483,0.9999999991926051,0.934801698388125,-2.3133137791851337,-2.304942921422437,0.008370857762697081,1
0.1382441363770172,-0.08649651702570939,5.722880191548683,-0.1861125857251819,1.5464389602530721,1.035131024938374,-0.15566229585262464,-1.1907933207909986,0
-1.759480606077694,0.9999999998497187,3.1130752205994914,0.9999999998390792,1.5207189952714415,-2.1600751500090825,-4.186551229395226,-2.0264760793861436,0
0.7500730470862084,0.9999999986614807,1.13712328371971,0.9999999987662735,0.6445468626628631,0.9617610357415817,0.18242617791998497,-0.7793348578215966,0
0.07173980913470043,0.27334749222568305,3.1206280320419983,0.22851714823822364,1.8146412281211302,2.974904863838083,3.8566024729943305,0.8816976091562483,0
0.5978165135368836,0.08914399198902008,0.6468998081237746,0.06052398527307085,0.6812539904654623,-1.6549187378834918,1.3516632015414118,3.0065819394249034,1
2.2042462204071187,0.5148171637847048,2.2532006072762782,0.33947352983002693,1.8949813267087894,0.20862478790531316,1.7115738381189791,1.5029490502136658,1
0.9404326006975482,0.9999999996713941,2.014603794916802,0.9999999995812252,1.1321974088556197,1.4398197038294676,1.8051386511191945,0.36531894728972697,0
0.14744905912816778,0.368610519032678,3.749686112208532,0.5077584318267399,1.6071254991924064,-0.3738750028474065,-2.251980688295719,-1.8781056854483125,0
0.6177915708468841,-0.9278587326810822,1.8165515682928015,-0.9425425176469987,0.8055341633531085,2.2940744900442898,0.39819404152552296,-1.895880448518767,0
1.0927756388023555,0.9999999997633717,1.9523221360392005,0.9999999998027835,1.0958587733231258,-0.11523166119380764,-0.7409645241626075,-0.6257328629687999,1
0.6291228679352917,0.9999999992754574,1.8837044878249491,0.9999999987255491,0.8631141178538934,0.5719056150404334,0.41665782737709545,-0.15524778766333797,0
-0.062169808865290575,0.40143464156886455,4.159307443897293,0.206021652859839,1.346278039751624,1.268007110264205,1.4800243485948357,0.21201723833063074,1
-1.5456081643186943,-0.2804430012642112,2.3950088179263624,-0.2024836477430588,1.4836940938605907,1.8060083780747602,-0.1681420791732493,-1.97415045724801,1
-1.561415859876116,0.05910246863176007,1.5597009661657808,0.31766349929150206,1.2018104988246872,-4.217152242225288,-2.439142098278754,1.7780101439465348,1
-1.2090748786266003,0.29784386617994246,6.374589848975116,0.376540697107884,1.5134355167442064,1.963327959828236,1.3405016781817987,-0.6228262816464374,1
-0.20683302961672811,0.9735053153486042,0.5305064968895489,0.6733111638602102,0.5331320027319217,-2.260657246900059,-0.29246249719020584,1.968194749709853,0
-0.2894474392232455,0.9999999993502185,1.8837979686496311,0.9999999991993991,0.7958067919137013,0.6392733190586247,0.8518876877488488,0.21261436869022418,0
-1.0870605136437863,0.9999999996890122,2.299667962799875,0.9999999996112224,1.1469625755257091,-0.5248644235150344,0.1660398797901791,0.6909043033052136,1
1.799310104847702,0.9999999998293496,2.9921514300044407,0.9999999998733676,1.663772743561485,0.9716545705158876,2.415469915073577,1.443815344557689,1
-0.3573263109746453,-0.2803153148197534,1.5747986349214536,-0.5645075122740778,1.3758180992460338,-4.4651295385786245,-2.321947559459172,2.1431819791194524,0
0.23953938319338663,0.9999999998465251,2.5794389218988703,0.9999999998175094,1.6953484023034984,0.0447396198667264,-0.6498970685003564,-0.6946366883670827,0
-0.1404697531381731,0.9999999995368362,2.549584181213298,0.9999999993365984,1.2797459087487832,0.04214135990442356,0.40110422936627466,0.35896286946185124,0
2.495296491358359,-0.3482538764293429,4.017928835364975,-0.4434019292872549,2.50999839016424,5.4527513566930015,5.165274834682826,-0.2874765220101747,0
-1.2219559262840438,0.9999999991783697,0.9292760281190782,0.9999999969179904,0.7267504543271476,-0.7493664028599347,-1.0230888518528953,-0.2737224489929606,0
-1.0177118661635147,0.9999999991603679,0.8381025389946296,0.9999999981502249,0.5842283331292591,-0.9118135141972193,-0.11459134382890947,0.79722217036831,0
-1.9472010513057787,0.6852838649398618,1.9581682811851848,0.6820581100170569,1.3749172884482523,-1.8007791445125387,-2.7711018274957366,-0.9703226829831982,1
-0.8313182098522574,0.005571144490907012,4.911165057955679,-0.39343930054851095,3.229688379046403,5.034860425664626,1.5863969959145114,-3.4484634297501144,0
2.459355126038368,0.3819805103323831,1.8457806267656807,-0.303189939841196,1.6590377347401226,-0.7153329915579001,-0.7587171570390807,-0.04338416548118085,0
-3.142913738243402,0.9999999997793191,3.6415873651575277,0.9999999997728289,1.703485577129578,-1.446595140315344,-0.2799638417605046,1.1666312985548395,0
2.6873987701871784,0.9999999997045808,3.812439680422162,0.9999999995943794,1.5038469299810289,3.9504156008731424,2.880579324103884,-1.0698362767692582,0
1.257285588713685,-0.5652750748536792,3.3309697400240887,-0.461266834754796,2.2530219845095565,2.044055055783415,3.1003192347780986,1.056264178994683,1
1.7933767031160968,0.9999999991821029,1.2266345431594272,0.9999999994714723,0.718533538632651,1.1710211930500347,2.583704553282329,1.4126833602322941,1
0.8250274281041368,-0.2461007414984222,2.426518034932518,-0.3059357107537858,0.9923776892647328,0.5041935439868328,-0.2438435692268086,-0.7480371132136415,0
-0.0878862646734919,0.21126832846738267,3.5528168019654793,0.005405053770362447,1.5018752004239193,-0.2877075172904161,0.08310138482680986,0.3708089021172256,0
-2.2251235222762134,0.9999999998319239,2.495076215498953,0.9999999998025201,2.026299493040827,-2.7384148037070575,-1.6660721426042349,1.072342661102823,0
1.6824622053468261,0.9999999997436612,2.330884051117895,0.99999999960707,1.6422413547890065,1.234664681677693,1.938944250260588,0.7042795685828949,0
-0.20151273254222288,0.7333053561030944,1.3472171644820257,0.6149103256344722,0.8240976418134502,1.3127829316005375,-0.2196733314880298,-1.5324562630885674,0
0.8271815983667241,0.9999999997920476,1.803344162969501,0.9999999997650486,1.4751625436453477,-0.16665149108968133,-3.361808148495688,-3.195156657406007,0
2.032066767826161,0.9999999998520945,3.00985236903952,0.999999999831473,1.8033839458023206,0.8956632048347449,2.5454162924626527,1.6497530876279076,0
0.19837221399223956,0.9999999997480572,2.928736660674939,0.9999999997826232,1.756819361679547,-1.5003413223659272,-1.8449755640563525,-0.3446342416904252,0
0.5141331172298267,0.9999999998933738,3.548057306251853,0.9999999998919133,2.4534697942816672,-0.3630006226551884,-0.9602257897524975,-0.5972251670973094,0
1.174565549967896,0.9999999998585586,2.519576867480514,0.9999999997235552,2.4364765260907006,1.0506034631819061,0.974679702725467,-0.07592376045643914,0
1.4193067326768156,-0.6816719081474985,3.077012876455068,-0.7747088418268946,1.7980907430593562,-1.3132893463669717,-0.569466685171,0.7438226611959714,0
0.7877888748958218,0.9999999998328652,2.2777257027654767,0.999999999831657,1.6630152693625802,0.8004825995207555,3.396158703639828,2.5956761041190726,0
-1.8093951235909451,0.9999999998598866,2.8933675513065116,0.9999999998549745,2.0787926912307095,-0.9319425818365364,-2.1164270799596006,-1.1844844981230644,1
-0.46075146310196785,0.9999999997606154,2.4005581595744334,0.9999999996789568,1.1575547984246068,0.24903607080295376,0.18390192551046491,-0.06513414529248884,0
-0.23226805643243173,0.5721569622816428,2.9380837082029783,0.6759556530465711,1.6834076077279603,0.5256714506277032,1.4982043243667271,0.9725328737390241,0
-3.5933401080515717,0.9999999998585564,2.899603581462265,0.999999999776026,1.9367155444818096,-1.459892637867284,-3.1751584828319324,-1.7152658449646483,0
-1.9216873360031288,0.2768716353531783,1.7764494219204345,0.12537770336888446,1.387186435464851,-4.066091608110741,-3.1874998946014785,0.8785917135092626,0
1.8455867861383544,-0.05812281183916702,2.0937783258378992,0.003581540765047945,1.7125332822986499,-0.6005080206340673,0.7445710818020592,1.3450791024361266,0
-1.3875363645326306,0.999999999864806,5.284846385770584,0.9999999998547292,1.8065171744790882,0.5677269441512459,1.0674068330267668,0.49967988887552095,1
-1.6729379423010982,-0.5575578874258386,2.350782061761314,-0.23291479092486359,1.0133298344130877,-4.745135733754433,-2.4071772875769257,2.337958446177507,0
-3.147718311881384,0.999999999875295,4.826418405357139,0.9999999998675635,2.1884381106151634,-0.33965169256849004,-0.6693595984062406,-0.32970790583775045,1
-1.317973808529567,0.9999999997581641,4.233201542791127,0.9999999997953799,1.3343440728994564,-0.8592928770659782,-1.342444571355766,-0.48315169428978777,0
-0.4509500610279439,0.9999999994691212,2.0172518949514133,0.9999999995353012,0.9187246817552629,-0.2265760990682189,0.0705376560860996,0.29711375515431854,1
-0.7319052531666014,0.9999999998570037,2.2996974642328145,0.9999999998312129,1.5405400507812332,-0.002179603146983757,0.9986773902892263,1.0008569934362102,0
-1.8313416435377234,0.9999999996803206,2.392512650302641,0.9999999997960171,1.2268427689352497,-2.8748453799323737,-5.742500045055381,-2.867654665123008,1
-0.09632042551034584,-0.6977583596765395,1.183047705647155,-0.5330918799859596,1.048346050527864,1.57451118282801,0.27247547268500716,-1.3020357101430027,0
0.3647858634999064,0.999999996530985,0.4139619099647584,0.9999999981499641,0.361632170625791,0.26972045790838717,0.549316181714472,0.2795957238060847,0
-0.37860992611429106,-0.4462244961906804,1.1993572902189917,0.18589317002008768,0.6281556353132325,-0.3836507162723368,-0.5490644792458742,-0.16541376297353744,0
2.288076662986433,0.9999999996005962,1.5705109792485408,0.9999999993865595,1.2506380830463506,1.7663046271706806,2.787308568125046,1.0210039409543654,0
0.5232542637574722,-0.5845526906021312,1.2885080536253166,-0.48637055063148404,0.6725720386521031,1.7344722926222247,0.550201639995365,-1.1842706526268598,0
0.8418164505294928,0.9999999996067954,1.150743238612088,0.9999999994252486,0.9683756923365984,0.14423970103040193,0.30544247604757524,0.1612027750171735,0
-2.630721325182447,0.9999999998217667,6.746573947770409,0.9999999997789493,1.9587935202127074,-0.480870873663271,-0.3615641905309688,0.11930668313230244,1
-1.531386420778814,0.3754836466682524,1.4266157766276621,-0.49290652778421,1.0334859116587138,-2.4851986167033,-1.095720416529145,1.389478200174155,0
1.5089488840711003,-0.007861580684146292,3.040590603845291,0.10429840095339672,0.952457756309146,2.345911494511288,1.5568554902571277,-0.7890560042541603,0
0.5373689107642452,0.9999999993101735,1.6093920561959045,0.9999999991811348,0.973766105626661,0.7179202763534837,0.22020203322294019,-0.49771824313054347,0
0.46854282801137254,0.9999999996053758,1.1873452991690232,0.9999999995155071,0.8431328987357737,-1.2360479699364766,-1.0199003168533776,0.21614765308309902,1
0.6158363281801107,0.29596865693164515,16.084509287138015,0.3012928293102551,2.236680510864045,1.5335296193269996,0.9854996262385365,-0.5480299930884629,1
1.389573535086427,0.9999999998508886,5.801310698411965,0.9999999998357773,1.7897488104780317,0.1990198028661302,-0.11642745535742938,-0.31544725822355973,0
-1.0280517662639665,-0.3707389978692112,2.6918441202458663,-0.0636286669677641,1.4998066943207584,-2.2519851002937004,-2.326104857243431,-0.07411975694973033,0
-0.007477790094507061,0.9999999998047837,1.7573297543769566,0.9999999997013558,1.3930037355038332,0.5653843889046215,1.573812420984928,1.0084280320803063,0
0.0009458916588171359,-0.5726615942657244,1.4328165249962899,-0.7729854395296633,1.0975622450141778,1.4849609741899796,0.9584460815400816,-0.5265148926498977,0
0.8595445284165955,-0.7110707446620755,4.060325052150151,-0.732122013761054,1.8429946568119981,1.4773002074519854,1.5578677330158515,0.08056752556386582,1
-1.3140227048338826,0.8294388085892327,1.838871795760805,0.6434625339282054,1.7746778435126405,-0.4775605165589509,-0.3604062368438241,0.11715427971512685,0
-2.1847974318336982,0.44163502821063827,3.2644487229881998,0.21461525690206526,2.413406640238014,0.4476610958745291,0.21859782862444754,-0.22906326725008153,0
-1.903598747823108,0.9999999998788758,1.5867799702677639,0.9999999997816548,1.8221607150158106,-3.128931460323134,-2.6850209271348433,0.443910533188291,1
0.5206996459299468,0.6322972451147922,2.393080036348687,0.3948975878578694,1.7994332104624355,4.119163018734581,1.9205714092063475,-2.1985916095282336,1
1.1702464317474675,0.9999999998210991,7.007552206541269,0.9999999998255266,1.3963543822632747,0.6550593674191265,1.6815786412388738,1.0265192738197473,0
-0.957253248491528,0.07279511283152393,3.5688843450518606,-0.08698472482682656,1.312905680484133,-2.726170793883118,-1.8253851532125482,0.9007856406705702,0
-0.2743316863274757,0.9999999995729576,2.0694344692919695,0.999999999603711,1.1948021445801555,-0.4505914396405483,-0.6211688428362984,-0.17057740319575,1
-1.4806221964977495,0.4526205903469859,6.177239572191178,0.3888211040871103,2.289722027376887,0.5039632285270386,0.8347596228300156,0.3307963943029769,0
-0.6006847509150522,0.9999999990610473,1.2614330551150303,0.9999999972385275,0.753044064666248,-0.19605750050125786,0.21353230455369218,0.40958980505495,1
0.6916784491335309,0.9999999997683272,2.0116112795039185,0.9999999996059238,1.3249848095246246,2.174955606912376,1.24633081186615,-0.9286247950462259,0
2.0255118738057094,-0.4570402403517448,2.31198491506039,-0.5231730284240084,1.1677672324695678,-0.8885159278823187,-0.42944325239375103,0.45907267548856756,0
-1.647010243304202,-0.4424730147059229,4.268164951068063,-0.3904921271571553,1.973755589413838,-0.67082952449422,-1.3594465642279727,-0.6886170397337527,0
-0.9465230704404615,0.999999999737039,1.8256064057999721,0.9999999996702245,1.471437807626783,-0.5987453539660035,-0.4463159714846163,0.15242938248138715,0
-0.6654925406870075,0.9999999991329267,1.1213765699801885,0.9999999993420294,0.6912023894770691,-0.3449137310639424,0.2693421389385673,0.6142558700025097,0
0.20445125317256418,-0.4369064121760339,1.624631426956902,-0.4929422445726347,1.4138952585952882,2.2425540702547684,1.7828889743023777,-0.4596650959523907,0
1.989627262287485,0.9999999998915824,3.1790581645869076,0.9999999998797912,1.8030015906386818,3.1563557501494337,1.6307983200373404,-1.5255574301120935,0
0.7857348668054922,0.999999999563967,1.4966807902962451,0.9999999996403143,0.931557517407677,-0.019709762845011056,0.435883198852667,0.45559296169767793,1
0.06062477264795811,-0.4076666201192056,0.7824575954223335,-0.3561511807183638,0.6240653544094352,-0.7268063822991662,-0.45576017373451994,0.27104620856464606,0
-2.2794258847519604,0.4882268669811847,1.909143699776536,0.13685964632682518,1.815899764444656,-2.6344670857680033,-1.1347268501767374,1.4997402355912663,1
1.0224918950367845,0.3266649024344409,1.068077945223383,0.6145393103156482,0.8246080491882121,0.10691095108515881,1.2243046252150458,1.1173936741298875,0
0.48424659919011326,0.050095457289835575,2.441892682079477,0.24651866658520252,1.1792350608280826,0.5652944055692394,0.9782801347893073,0.4129857292200678,1
-0.7418638824379941,0.0846324630320014,2.1523260697256514,-0.12396750252102824,1.1379435856583309,-0.4977067250190089,-0.5697973929846449,-0.07209066796563601,0
0.18399185018233322,0.9999999995126161,2.4181717823557696,0.9999999995649179,1.2335982901561928,0.6564042129176907,1.3458979740165706,0.6894937610988799,0
0.9659490879886488,0.999999999505168,2.269097104310612,0.9999999995034471,0.8735652312438591,-0.08790908625272346,-0.5776270020649592,-0.4897179158122359,0
-0.0016704172253669328,-0.5561282667833739,2.333050531007598,-0.7549484304048186,1.9475115960704783,0.5898322774652854,-0.37432850569781434,-0.9641607831631,1
-1.1877832127015147,0.9999999998653608,3.4278256340524647,0.9999999998035831,2.3830177145100526,0.8965324515734625,0.5369265262455809,-0.3596059253278818,1
-1.1578099192641602,0.999999999559823,3.4813141308580637,0.9999999993734415,0.8983450901222979,-0.7892900552107431,-0.6274652833702874,0.16182477184045585,1
-0.8356517470888433,0.08935337295116055,2.7603590485892786,-0.1385015791137078,1.0173992005106938,-1.421587696629377,-0.6535412230704984,0.7680464735588786,0
0.617521325821375,0.9999999981020494,0.9553907482304483,0.9999999986323088,0.6269819000724778,0.5921417391090211,0.18943861283471727,-0.40270312627430394,1
2.172337712322602,-0.4252172983828694,5.518405241154073,-0.34457957126570327,1.1974850357215343,0.37781531274181057,0.6002161360919109,0.22240082335010025,0
0.7875972440103601,0.9999999996084105,2.5567204461632915,0.9999999996587288,1.1048248922447919,1.2902471132813211,0.8946162144072429,-0.3956308988740783,0
1.1526247186285203,0.9999999998436843,6.525457149764115,0.9999999998453689,1.795243909508438,0.10145785829926035,-0.4593113878412257,-0.5607692461404862,1
1.7961041069407948,0.9999999997676972,2.2029382546893204,0.9999999996204632,1.7781564053726502,1.3913534641205563,1.4051651435848105,0.013811679464253879,0
1.2178943865435605,0.9999999996877154,2.792393524576317,0.9999999996006464,1.280855644049375,-0.764535670128257,-1.186296101059925,-0.42176043093166804,1
-0.055238956156024276,0.36463091655082897,11.97932639345587,0.3565425865343682,2.218647367188168,-1.0273951650956712,-0.06908580909189663,0.9583093560037745,0
-0.1817464664116591,0.9999999994234805,3.469898202902161,0.9999999994904631,0.876528327410409,0.07842152536474553,0.161711553162415,0.08329002779766946,1
4.793104349465118,0.9999999998609129,4.508958931797152,0.9999999998878414,2.115075313385519,1.855899874464629,6.170667197795145,4.314767323330516,0
0.10512264561569579,0.18329159616601617,7.987916820877394,0.210769025801709,1.7497417379028777,2.626014351387072,-0.7917488495741636,-3.4177632009612355,1
-1.2044049820123048,0.15266696819764278,2.7152420045103765,-0.03461402174947702,1.9976609557120448,-3.0394118243367525,-3.310138112945055,-0.27072628860830206,1
1.4376145034376229,0.9999999995235455,1.4874127193656033,0.9999999994535169,1.0442354633723303,2.5228409788297244,4.568589521615281,2.045748542785557,0
0.1315152120065217,0.9999999999055228,5.373173438511556,0.9999999998905131,3.003845612425622,-1.6783700069872607,-2.85233087763719,-1.173960870649929,1
4.254521088433859,0.6487516506457889,6.3848995667995245,0.6999591965217232,2.518147988882439,3.6390057333059187,6.377732187189066,2.7387264538831486,0
-2.79990424852654,0.7048921637521964,2.065109578628594,0.5840962912939989,1.3107013107251058,1.2400003275952798,-0.708962146245707,-1.9489624738409868,0
-0.18261598513312818,0.34082688194012234,0.6585065744639126,-0.08694914000698598,0.3429784944925245,2.466195136271678,-0.19148968171034336,-2.657684817982022,1
-0.6113486145535492,0.9999999994554313,2.390344440397347,0.9999999991955789,0.9464618707447846,-1.5705037768144936,-0.9896326912383129,0.580871085576181,0
-1.516140589325135,-0.9285362423226632,2.5039036293743484,-0.562138502557606,1.4799658372214466,-3.2282196833506855,-4.312981070806411,-1.0847613874557254,0
0.35555075300317207,0.9999999998184156,4.417798039111021,0.9999999997912985,1.5914481555352007,1.9502513541615627,3.0223997134246883,1.0721483592631258,0
-1.316588969131733,0.9999999998663233,3.4200065808180176,0.9999999998308361,1.8566413606484826,-0.477222890301588,-0.883318956305022,-0.40609606600343384,0
-0.42762516443023646,0.9999999997495032,1.8961987685072743,0.9999999995721175,1.478969709236843,-2.507551429556365,-2.0073763273291476,0.5001751022272172,1
2.419869768014189,-0.014481376691517936,1.4788372308821516,-0.23285006682654116,1.2556725392356423,3.128391225778651,2.1299550761264148,-0.9984361496522367,0
-1.6851680408718481,0.25374740360234654,3.7875342881224,0.1863187294557072,1.0644604959184545,-0.005088929068002686,-0.8602739069125993,-0.8551849778445968,0
1.1265047530457009,0.9999999996560248,3.5828683604045986,0.9999999996936327,1.0946764386273347,0.8142832829179858,1.40246724941779,0.5881839664998043,1
2.3553880680190127,0.9999999997404696,10.332803759489202,0.9999999997469373,1.624819803429177,1.6247642003076603,1.8200876374991752,0.19532343719151485,0
-0.10906731326377639,0.9999999998286933,1.1277625292228652,0.999999999718279,1.5942808685430652,0.9494545209476157,0.1082411780047009,-0.8412133429429149,1
-3.492114577266272,0.5221518074181504,1.590592595366053,0.5509913161501516,1.712718079846171,2.244146625490042,0.9913210636063825,-1.2528255618836601,1
-0.9687263756699264,-0.026230375342084732,4.856034003792466,-0.06997634608326864,2.059779530639624,-2.0383435158558205,-2.473528747811299,-0.4351852319554786,1
-0.7450813448342256,-0.33217301216434375,2.475641741064069,-0.6543638481004856,1.3136501006202548,-0.043743408021427156,0.06157041020560916,0.10531381822703645,1
0.5967429204751215,0.99999999938672,1.3577898932171424,0.9999999985897393,0.918523438823806,0.7317172374785973,0.6173932665314343,-0.11432397094716296,0
-1.0065755237021674,0.934531629420666,1.5400856404558536,0.9049538305815624,0.9113845574978198,1.1290727598474388,-1.1770396634378306,-2.3061124232852697,1
-1.715646209456621,0.9999999991862344,2.142811371399224,0.9999999991466829,0.6720238055669621,-0.8262500663230573,-1.821997693593296,-0.9957476272702386,1
2.311983531465579,-0.9143574810885072,1.0110174357268675,-0.3940198614319525,1.1140788886659814,3.090706350724451,2.9993013689505954,-0.09140498177385531,1
-0.19188825301833182,0.6113293632973575,3.8382481579077963,0.6045986432477775,1.6468917309706814,-1.1447740382831377,-0.5900857445213568,0.554688293761781,0
-0.11077274241736478,0.9999999945516752,1.1567648042208316,0.9999999867927312,0.310123118672164,-0.17802577609656903,0.12383498243687227,0.3018607585334413,1
-0.8531308161754253,0.9999999994791566,1.1728646750764586,0.9999999993681286,0.7516801502749265,-0.36805987943475715,-1.9371048517063372,-1.56904497227158,0
2.507679012269407,0.36000349960689504,4.293197862531084,0.032292316334169464,1.8916348240048728,2.83767531574343,3.8736098933359786,1.035934577592549,0
0.488131561921107,0.9999999997357629,3.4286112938118327,0.9999999996998385,1.6718932500469805,0.5539695122603265,0.3389761556102954,-0.2149933566500312,0
0.9661651160347121,0.9999999995003979,3.2390488952224836,0.9999999996054866,1.2226300536229333,0.5315685161839284,1.7738187987375396,1.242250282553611,0
0.31722017454437385,-0.6238355617919957,0.7927009184438146,-0.7149151200609499,0.5108324903672434,-0.41199753839602804,-0.23346315417524977,0.1785343842207782,0
-2.4404598429619337,0.9999999998011284,4.946864234871707,0.9999999997705744,1.4884663894077699,-0.6627251475868767,-2.3611438711638373,-1.6984187235769606,1
0.1243982830243667,0.9999999998053967,2.396734023001018,0.9999999997599048,1.7652771893176722,-0.58315255705769,-0.9890847280356169,-0.40593217097792683,0
-1.3756232931594146,0.9999999996502386,2.152089930321836,0.9999999996891074,1.00541663055112,0.2074107877710827,-0.3965633860538762,-0.6039741738249592,0
2.954819885570515,0.9999999997704434,1.8096315479181064,0.999999999485317,1.3268473472352993,0.8885359673029516,0.9428521761406181,0.054316208837666635,0
-0.6005832021380949,0.9999999998005062,4.790780963312612,0.9999999997418133,2.0759379301604746,-0.8023197752262953,-1.8406117911440432,-1.0382920159177482,1
0.6834093245390634,0.9999999993346868,0.7084313904019388,0.9999999995898122,0.7033653562585106,-0.0729119394543777,-0.013669907055916086,0.059242032398461486,0
-0.3507279045405357,0.9999999996478826,3.1948689675172335,0.9999999995914105,1.3901944282496845,-0.40932115917269113,-1.1061215736062011,-0.69680041443351,0
0.055876973499049055,0.9999999996424361,1.3540242594121927,0.9999999992446458,1.2260357081933115,0.759445838368775,0.9169295968820548,0.15748375851328,0
-0.31908817526359234,0.822513358183877,2.238224082997673,-0.03567737682807127,1.8059018890768614,-0.1986061781981584,0.5976797823605852,0.7962859605587433,0
-0.5718575467656478,-0.44019073564404887,1.8501054960305263,-0.46943577587940166,1.2245741610790914,-7.533380979314742,-2.1127088278307062,5.420672151484035,0
1.886672607495875,-0.37060309180728435,3.8428408711703237,-0.35876763446570126,1.8375288957212668,-1.7043033617340364,-1.3164286333580444,0.38787472837599224,0
-1.7058784238835967,0.9999999995368001,3.2586950941066837,0.9999999996287465,1.3946202335277487,-2.417119523087296,-3.924962586546678,-1.5078430634593816,0
0.2386406796780585,0.9999999998746841,2.1328700450422993,0.9999999997577371,1.7335836365550639,-0.7345555764791949,-0.34353790656100525,0.39101766991818965,0
0.25943598923294203,0.9999999995190919,0.7153928365581468,0.9999999997838056,0.7881017264687367,0.17310168421997754,3.0190080247132687,2.8459063404932907,1
-4.268402629412545,-0.029434143623497822,2.1082127587213897,-0.49802027375608976,1.6300367169169878,4.112711140485273,0.5117299215030382,-3.6009812189822346,0
-0.5224910674098153,0.9999999990898457,1.062988076537201,0.999999998444281,0.6789906525490504,0.021402905843352756,0.5018709275520059,0.4804680217086533,0
1.5114877492577894,0.9999999998392459,10.528915387244059,0.9999999998452888,2.195202240172587,6.523600206709406,7.603298862683487,1.079698655974081,0
-0.12500287986284342,0.9583737844336058,1.4952121844810857,0.9336639894701848,0.9932822333170964,-1.52180021301091,0.6141149087346731,2.135915121745583,0
1.786819612526308,0.8883594211056042,4.072550052931072,0.899550310675602,1.4476725136306479,0.5398676500428489,0.8953400353105392,0.3554723852676904,0
3.53782226268339,-0.5008664202765095,6.159406546778006,-0.4759561135556837,1.995816397762247,0.7408225759765447,0.27240368373105683,-0.46841889224548816,0
-1.2633965454595015,0.5080233966771641,5.290918399613819,0.3482471991216896,3.573731755182304,-0.06668858951091637,0.5712479705765345,0.6379365600874509,0
0.5662375909278484,0.9999999998559329,2.093327290400007,0.9999999997455374,1.7633849777931419,-0.08325382925186858,0.4016911288096555,0.48494495806152405,0
3.323467615323452,0.3009630371633682,3.261599070247606,-0.0015140776967246066,2.161778636257074,-1.1515640110599457,0.23582554773180275,1.3873895587917482,0
-1.1677030405812805,0.9999999997106532,3.318324477780803,0.9999999996504655,1.2940680919659981,0.3280615357975495,-0.06557736139138326,-0.39363889718893275,0
1.3530066623245074,0.7082434553052721,4.324747963197029,0.7771101072610231,1.014813912298837,-0.13662388689295857,1.4765467724211399,1.6131706593140984,0
-0.8477980705636128,0.5267103419134733,3.9904034539115685,0.3993352299382591,0.8574695523978744,0.4650825644448989,-0.7265183076415418,-1.1916008720864408,1
-0.25501883885809484,0.9999999996445564,1.479425855949086,0.9999999995672779,0.8821347706931338,0.07408007961262249,0.7315447246526025,0.65746464503998,0
-1.8946175714601792,0.9999999997021841,1.829058697861501,0.9999999997750524,1.1079175837655124,-1.918357267630358,-5.811380386250752,-3.893023118620394,1
1.3845158618050697,0.6789106098030909,1.081929439707887,0.22479245368829498,1.1391108858495367,1.8123001600359587,0.2971752709191331,-1.5151248891168256,1
0.17811200730887566,0.999999988372452,0.3627937254341118,0.9999999982527836,0.2142556772113151,0.2475248429436023,1.1201229717021057,0.8725981287585034,1
-3.355968157307174,0.4355088434067782,3.445718673517586,0.4295500909891804,1.666617692817186,-0.1129987565780079,-4.843061753104958,-4.730062996526949,0
-1.280792952189376,0.9999999997762129,3.338271297903193,0.9999999997805813,1.503917773810518,-4.1087394382884845,-6.801587099246108,-2.6928476609576233,1
-1.3874008664858364,0.999999999701255,1.3229211739882563,0.9999999996704989,1.1132315356565998,-0.6270101990367636,-0.765059554100424,-0.13804935506366045,0
1.7752269914329144,0.9999999998668864,1.1406929606096472,0.9999999998638607,1.350163090255861,0.07477617944940179,0.4703667406757459,0.3955905612263442,0
-1.4053124850180685,0.01622857485541125,5.593234438802729,-0.09337139311613199,2.0044390050986225,-2.1848444768061195,-1.4591337236691504,0.725710753136969,0
1.0538235480970084,-0.05593001128961341,2.2140212390216005,0.2573872554751003,0.783104282900955,1.6047353023227084,2.0802485197100635,0.47551321738735514,1
0.8766960279426008,-0.17303112552034763,3.45410598887144,-0.031686185106726446,1.1114805596083044,2.2939361449456688,0.4999391023526052,-1.7939970425930631,1
2.4538442914100314,0.4919400315223951,2.08671175621601,-0.014399150329062672,1.5759553596859268,1.3366757797413078,1.0859227662520543,-0.2507530134892536,1
-0.27550141311596843,0.9999999973900296,0.5108068126182795,0.9999999994402335,0.3936522624979679,-0.26561212074861923,-1.9355268834997892,-1.6699147627511697,0
0.2650223564906518,0.9736428354158327,2.0971378401169907,0.9745744476026996,1.5393180421414345,0.49968500694090473,-1.5139718482164062,-2.013656855157311,1
3.0980270747632566,0.9999999998079377,2.2361169430291574,0.9999999998592524,1.974740805178185,3.4954004671445444,4.545579206497285,1.0501787393527402,0
0.4070863269786262,0.9999999994527884,2.611594077919902,0.9999999996381089,1.2147398646245204,0.7952035755391692,1.1945090463616168,0.3993054708224478,1
0.9513245037344183,0.9999999998621798,4.438364096169283,0.9999999998388001,2.2112897672577723,2.153820990970442,2.630532991856702,0.47671200088626003,1
0.9236389223884186,-0.006981499399061189,2.5915110193713438,0.1390124043276052,1.0553936301791258,0.8382048143636899,0.11752660478640803,-0.7206782095772821,0
0.5098309620660262,0.28127311868617455,2.9509039481594415,-0.012048835869329763,1.3867652017784171,1.0798515084988733,0.7034803886115133,-0.37637111988735983,0
0.6077231331780476,0.4164845646111895,2.1430619383819236,0.42957749749867213,0.7693361199768434,0.6047490286984061,0.7888305205157744,0.18408149181736835,1
-0.9504537547560556,0.548838501843031,2.0430810637204204,0.013085880643412762,1.506242110301006,1.3440298881502342,1.0541127423681285,-0.2899171457821052,1
3.18271804147184,0.9999999997146128,2.702487366094915,0.9999999996600345,1.4136491356944065,1.7944473800136382,3.554281859397774,1.759834479384136,1
-2.066026464125508,0.619172575887263,1.9981335326197072,0.7770282713737073,1.5911499290330606,0.049299724654803034,-3.044243068327378,-3.0935427929821806,1
-2.3606565530102315,0.9999999998883518,3.4906696849826973,0.9999999998860164,1.8697766218939424,-0.9142324567823272,-1.3926516109746365,-0.4784191541923094,0
-0.2488052962339199,-0.2938863425590596,0.7837080456901788,-0.8680219144535286,0.5723830013102152,-5.118740052037675,-3.0473218903027703,2.071418161734905,0
1.6876687896105094,0.4048122022539203,2.855094997730428,0.3465561893820783,1.536495722200242,2.9810551325877834,3.636144756532553,0.65508962394477,0
3.002390167408149,0.9999999998747081,6.679369621676003,0.9999999998684617,2.6520138634418107,-1.0040549110807742,-1.2268623247493773,-0.22280741366860335,0
3.045107143414168,-0.013567122933206317,2.6881835583292655,-0.11166125219780562,1.9711527367079686,-0.21102281023236805,-0.1963033863720871,0.014719423860281189,0
1.6337563278604366,-0.8226817421554484,1.8870269587889374,-0.8588185843345286,1.4624791089015265,3.709809515718775,3.5256087809959746,-0.18420073472280074,1
1.6557947270143611,0.999999999701279,4.158424814648458,0.9999999996868799,1.1045284726328213,0.4222159672754483,2.4351208849841375,2.0129049177086893,0
4.64682714252086,0.999999999888617,2.5300946947485246,0.9999999998547199,2.426154726721997,1.5897214718407595,2.4450310693026784,0.8553095974619185,0
-1.8291850912067318,-0.27223609530208087,4.165925282015302,-0.17376568572291823,1.433148700548397,-1.0119611846760894,-1.5049435831241227,-0.49298239844803327,1
0.06487214696587489,-0.7349559757187889,2.866581324569342,-0.8378356228187729,1.0248883395955621,0.09031366690078238,-0.09936739490228516,-0.18968106180306726,0
0.42112415337003256,0.9999999988803193,4.459359629393204,0.9999999986031053,0.5911146374492839,0.7392724780898942,0.9024535569179382,0.16318107882804408,0
-0.929833541468122,-0.7969928703202622,2.9669686348681603,-0.37707064877100105,1.3227354152764796,-2.451492150416473,-0.990355311301627,1.4611368391148463,1
0.8754768013253115,0.10694333253758859,6.934098725449638,-0.12178734357031275,2.5269439828007836,-4.659710491916999,-2.4857440059426414,2.1739664859743573,1
1.6118695853671838,0.9999999998796502,3.073704229800911,0.9999999998112266,2.083071199338982,0.4178756008538126,1.340677596007313,0.9228019951535005,0
0.38220116313981656,0.07341764242461171,2.161791135851452,-0.419939256597811,1.6732354953267334,-2.1799228928940986,-0.9606578578016955,1.219265035092403,0
-0.007493288073448073,0.9999999998785576,1.2407994817500199,0.9999999998740214,1.4558170061881175,-0.12101678266643948,2.320512985525439,2.4415297681918786,0
0.1773134456077558,0.9999999999148038,7.631877956684896,0.9999999999169095,2.555699498412037,3.320115682560755,5.042727197576306,1.722611515015551,0
-0.06935166157262342,0.9999999991364357,1.707118294774311,0.9999999980672492,0.9922238676612712,0.4870166432757983,0.7974369591955699,0.31042031591977165,1
0.8456852932877078,0.9999999998842344,2.5687681542602743,0.9999999998364452,1.921348124616109,-1.791987545162935,-2.6530339545373667,-0.8610464093744317,1
0.7614770534179685,0.99999999951539,2.064603408713473,0.9999999995899633,1.1255592420054903,0.2184438128163966,1.637923103478026,1.4194792906616296,0
2.8641826679722415,0.9999999996405905,2.7476151349438167,0.9999999997146286,1.4908703393896465,0.8316318871142416,0.9479213426383766,0.11628945552413461,1
-1.6091416574937154,0.5964831963757568,3.3453095911273807,0.4684719378275177,1.7746046868249168,2.7632986652635485,-0.9144022748780883,-3.677700940141637,0
-0.4755551785212364,-0.533686077747438,0.9343519012385,-0.7053389310393186,0.5747017050153425,-0.08681478840024506,-0.584214381742191,-0.49739959334194556,1
1.7348576758318777,-0.1891502814845646,2.0261541550418136,-0.0048066506055961305,1.3503237833439445,0.6157420845200962,2.839573649949675,2.2238315654295793,0
5.656270670183697,-0.15312237546923005,2.0543681598492234,-0.46496827835173327,1.9292671907752885,3.9587807899819802,1.805088961414684,-2.1536918285672977,0
-0.20684911224636365,0.9999999998769905,3.749304460148309,0.9999999998491409,2.637354172110834,-3.572229955853617,-5.071878243627224,-1.4996482877736075,1
0.4286107362012313,0.999999999863066,2.8225926985601886,0.999999999854334,1.399193277272504,0.8335537792521638,0.9897497135033102,0.15619593425114636,1
1.4644607827146672,0.9999999993602766,1.2645533002969243,0.9999999995686931,0.768586358311934,0.3778702238939165,2.0963445375250145,1.718474313631098,0
1.7367995239236187,-0.8821919977156287,3.571269420502347,-0.8560119705049473,1.0826762239453525,5.671459904725758,1.7041549108478287,-3.9673049938779297,0
-1.790920288633156,0.9999999998447869,3.3614062899310486,0.9999999997934734,2.3155783332715156,-2.2771703748846006,-3.1028985667205236,-0.8257281918359229,1
2.7377583902571145,0.3436810205312243,3.0355577556962468,-0.02306752664830218,2.2412773073111056,2.0460630327788785,1.8318136827952658,-0.2142493499836131,0
-0.8856408569499623,0.9999999993521513,2.647892634472354,0.9999999993860768,0.804923435088537,-1.4412155985234238,-1.6839370610336586,-0.24272146251023474,0
0.18076700099686763,0.9999999967424792,0.672952838583769,0.9999999982144058,0.34258366832135195,0.22294649242297115,2.118282551109412,1.8953360586864405,1
1.4449484483950037,0.6224135895785516,5.7774229826092665,0.5049605821856811,1.9589064689218438,-0.7197437094950526,-0.10228663602051236,0.6174570734745403,0
0.030266137189517893,0.055981852865279916,3.061339639807925,-0.24942283461844308,1.5598047822380188,2.119838050794352,1.8217978193136746,-0.2980402314806775,0
-0.7607677658881786,0.9999999987804413,1.672874767223715,0.9999999992895308,0.8340238483320054,-0.37442346921631614,0.03923860212909902,0.4136620713454151,0
-0.048276585448324166,-0.20751291927084345,2.7157684197064613,-0.35175472024040766,1.1969291072804082,-1.3504942326568545,0.7765449376569574,2.127039170313812,1
0.8363129178284072,-0.5255440788130864,2.913211086571168,-0.381070679351691,0.9984551100353564,0.6497653726105168,0.6886259396930476,0.0388605670825309,0
-0.8407099346500002,0.9999999998405172,2.7517842647764668,0.9999999998093864,1.9009311568252407,-0.9370510963012434,-1.5022354767555917,-0.5651843804543483,0
-0.961493256948097,0.9999999980587662,0.9012431253096965,0.9999999993672649,0.5926260969974567,0.3473977334363259,0.7582069662888584,0.41080923285253257,1
1.3698898331657723,-0.4658800514398124,3.8188992834258713,-0.1872042307458006,1.490968489444982,7.003966350841077,3.4978184041630156,-3.5061479466780616,0
-0.6625318614432388,0.33423512607381384,3.4547287207878328,0.3468140774137935,1.1262822727064117,-0.34085597230140263,-1.088930822039214,-0.7480748497378114,0
-0.3193924702879761,0.4835865124902027,1.7508595987845483,0.5943669538507865,1.5233545842591611,3.8931362115450097,2.0651576662228366,-1.8279785453221726,1
-0.9288565390075443,0.9999999998032919,1.4886553493678323,0.9999999998626676,1.420744493541525,-0.1326879683433034,-1.4650432395258426,-1.332355271182539,1
1.0349624760112215,0.999999999683146,2.965594167407644,0.9999999997643285,1.481356981342615,0.21291483021066143,0.7974490150499731,0.5845341848393115,0
-2.7499529731562338,0.44859068916339495,2.3226726775644866,0.32978008024615685,1.428660436766905,0.8718334257614923,-1.0175248977362348,-1.8893583234977267,0
-0.26591988772330366,0.9999999996832615,2.983484206509892,0.9999999995693912,1.0556867093270603,0.4702013999495442,1.3353291140343575,0.8651277140848133,1
-0.4992898428861528,-0.7219053098302429,3.8824378677137723,-0.7172958006804154,1.00614307277936,-0.42804768956648603,-0.07075361589917373,0.35729407366731225,0
1.058452414683377,0.9999999997221493,1.5509315848873846,0.9999999998092334,0.9864468024641297,0.18064260119531905,0.5388859177996185,0.35824331660429964,1
0.44322481432261174,-0.4925439018699483,2.161968123864357,-0.6370928634712277,0.8848186051394773,1.1153326528879621,1.4804690452785114,0.36513639239054896,1
-0.900120675339806,0.9999999998906679,2.4063157388417404,0.9999999998397217,2.229493228770368,-1.6542998009969343,-2.53198195485722,-0.8776821538602857,1
4.325677605344804,-0.7101778638706946,6.09325358619538,-0.9429245023271396,2.5754038707372215,4.402457096475746,3.467263428052132,-0.9351936684236137,0
0.29859066297907927,-0.3658919666578782,0.49097580123435436,-0.5126964503732298,0.3773735906999668,-0.2755265887862192,-0.4875914472706755,-0.21206485848445666,0
-0.06815029944284853,0.049796045366052546,2.6533082176013263,0.05617527243540871,1.9009116659381935,0.05150694812038634,-1.5723844070677737,-1.62389135518816,0
-0.49054507573931805,-0.16419524520623693,4.128787178824726,0.018421152507557204,1.8181296811257108,-1.0590476787233032,-1.1606302144344278,-0.10158253571112466,0
-0.4481862566347374,0.9999999997243558,1.707808849848014,0.9999999997665673,1.1076325506722475,0.39236171144654236,-0.574280955455697,-0.9666426669022394,1
-1.9444284458733285,0.9999999998850947,2.6899022766481906,0.9999999998414048,1.8490781459397927,-1.850339875435894,-1.4490015636299058,0.4013383118059881,1
1.392903004248856,0.37814925982872777,2.4820376001993627,0.26797663415353723,1.3233824658912128,1.3812482178996581,0.9369673267059404,-0.4442808911937178,1
-0.309656183132495,0.6441388845632915,2.3260417207074027,0.3047214522361769,1.383203784070575,-1.7554278432285229,-0.9880573730753528,0.7673704701531703,1
-0.14202609733862895,0.3100758971976166,4.170344014175918,0.1424438020780893,3.643942280113534,-1.7605693931789768,-2.649160227899044,-0.8885908347200664,0
0.1497144633332406,0.4031722621836081,2.3297079393689426,0.2716792499293428,1.1230849271216732,2.3324832501678414,-0.47237121099649515,-2.804854461164336,1
-1.9543896859565497,0.9999999997254452,1.4245121516914803,0.999999999679596,1.3578552962524966,-1.6973947449223166,-4.4915012567220725,-2.794106511799756,1
-0.8073661557674644,0.9999999995154759,3.199458901094137,0.9999999993069362,1.2069846381234197,-0.9228752380501798,-1.6070581171334082,-0.6841828790832284,0
-1.1226514581230567,0.289796559042154,0.6577401496383507,0.672778492855015,0.5164938471444427,1.5271665847268037,-0.20405286986199078,-1.7312194545887944,1
-0.06333610516595588,-0.4807401111613923,1.9172460292134406,-0.08998217889510085,1.1181729269033958,-0.05968352322954059,-0.7449647274454921,-0.6852812042159515,1
0.3923721980314324,0.38504228798038154,1.045674360888813,0.45546809790541887,0.5122716109729581,0.8011151114909014,0.11360915981306607,-0.6875059516778359,0
0.44512923619026834,0.9999999997348067,5.296542192816016,0.9999999997111477,1.1976685883820815,-0.34151935844242665,-1.1053190099678374,-0.7637996515254108,0
-0.03685574995667679,0.13920428238562013,2.9366105766382304,0.18046212738470144,1.564491317719643,-0.9697432536465497,-2.4378062247723262,-1.4680629711257769,0
0.31644074812035583,0.399318684693455,0.5847177608584575,0.44617089355231154,0.4727545813474316,0.4070236356166963,0.877305227249253,0.47028159163255656,1
-1.0142703089242766,0.9999999997969224,1.0327381254330155,0.9999999997499712,1.2262707271978806,-0.1289832777282404,-2.8028266644891158,-2.6738433867608746,1
0.8852458629015063,0.8715666897292088,1.850236754258535,-0.35980832428689713,1.226272096615392,0.6532023276518907,0.6335706747517322,-0.019631652900158586,0
1.5690603953032078,0.9999999998592985,2.535369102820087,0.9999999997186977,2.2560453650496703,1.6427674123692295,1.0130467237973144,-0.6297206885719153,0
-1.5536221334924512,0.9999999997901755,2.2153843858353146,0.999999999813297,1.7300516064186058,-1.6130499825590228,-2.556825189343908,-0.943775206784885,0
-0.0021900351707386523,0.7606242788319463,2.1278106190354085,0.5294097079803894,1.3073022562262764,-3.5778678486826303,-0.7073121593084538,2.8705556893741764,1
1.5202356526878944,0.9999999994470052,0.8234365580801869,0.9999999997032644,0.7371842448369679,0.4496292244887232,0.4654000469154842,0.015770822426760978,1
-0.5373701700184256,0.9132938411723049,2.7102788917927914,0.8362878829760867,1.8564885888891793,-3.6847111481181294,-4.898330045358156,-1.2136188972400264,1
-4.519608323167142,0.9999999998760329,3.5046568653882053,0.9999999998086716,2.391537937239215,-1.8331321750261405,-3.1583159113470187,-1.3251837363208783,1
-0.8636330334177739,0.9999999999067145,3.465917900910174,0.9999999998712213,2.1753369925859185,0.058821612882332446,-0.3272427012370238,-0.3860643141193562,1
-0.9471370449368479,0.9999999994053456,2.377708014526138,0.9999999994225918,1.0098368347881572,-0.528725821951831,-1.701842324630101,-1.17311650267827,0
-0.6123038043849827,0.2164918441263711,2.6433915641270294,0.3443216631829884,1.1582498404543615,1.1441010078513483,1.0204336338347453,-0.12366737401660277,0
-0.30508786380399966,-0.34252407207464625,1.1600432272769345,-0.46734094785868296,1.1688155959679756,-1.0534867672888812,-0.6609045610322883,0.39258220625659296,0
0.05166611274234395,0.3994215072206434,1.0015730609913733,-0.2065862788133049,0.8940531245615638,1.6876430929416517,0.40266011192607454,-1.284982981015577,0
-1.196702524208515,0.999999999614229,1.2132883064953253,0.999999999646177,0.9511364145109807,-0.32910526682019337,0.30738448356933346,0.6364897503895269,0
-0.41833494974331453,0.9999999997953688,2.557931985770395,0.9999999997933219,2.064260649707164,-2.0201471718903683,-2.727921208417637,-0.7077740365272691,0
0.11764741726393331,0.36378190678504224,5.3406528925417405,0.3774657551566925,1.7378182233742583,0.7628888488213774,-0.32056321738436677,-1.083452066205744,1
1.2751370644246918,0.9999999997364142,1.3273711480718018,0.9999999996409938,1.033468058820338,0.3777993173442095,-0.43404400983478,-0.8118433271789894,0
0.6579312113116235,0.6475930891876985,1.1753051296444652,0.3794691589918474,0.6172661813914055,0.7687960041180444,-0.19944049214465562,-0.9682364962626999,0
-0.4042739801800992,0.39606347890470817,1.3268904564376538,-0.0020058885969382813,0.9092599642736294,1.8832399261269994,-0.1603444607392335,-2.043584386866233,0
1.8489933707424284,-0.5454406934090054,2.473579370008695,-0.7918136017972481,1.7454681604678666,5.408891217726307,2.9341716287712685,-2.4747195889550384,0
0.056518865375728575,0.9999999989240578,0.9161164455647335,0.9999999985455574,0.6754784230713781,0.04072360671235673,-2.110210204522454,-2.150933811234811,0
-0.9361509119067887,0.999999999866048,3.9488424192710143,0.9999999998582941,1.5942580245624731,-1.511236792379101,-2.1106423387433617,-0.5994055463642609,1
-0.5455273033772258,0.9999999995973039,2.717351173465315,0.9999999994448501,0.8525412948560277,-0.4085396883258343,-1.7279547976809875,-1.3194151093551532,1
0.08638138487568275,0.9999999996607942,1.029027795470811,0.9999999996971597,1.0407368389687488,0.9739083225402105,1.7387697990923598,0.7648614765521496,1
-1.5158506062036787,-0.010692323756169497,2.820318800475916,-0.22858680811326998,1.3867814851069435,-7.790463166884037,-1.2897271229617018,6.500736043922336,1
1.5010128857882326,0.9999999996491534,2.191796927442158,0.9999999994682275,0.9584688004576789,-0.011134783497169861,-0.204881640965757,-0.19374685746858716,0
0.8121349796075509,-0.5660170937679703,4.464099409958975,-0.560280164212978,1.7535232729812622,-1.4611001144399096,0.013504639954767805,1.4746047543946772,1
3.3654292746451424,0.9999999998590775,3.9895661876775335,0.9999999998522379,2.394707734526405,4.082056068672348,5.491961397321168,1.4099053286488192,0
2.325305950749103,0.9999999997168727,2.763893652953423,0.9999999997550809,1.0331074495617236,0.49848203226441457,2.6391107735347044,2.1406287412702896,0
0.3381653753498397,0.4029895089037429,1.7734212645513974,0.38482438987840933,1.3479025962262914,-0.3228017497710227,0.9607387241473692,1.2835404739183915,1
1.8809801345676491,0.9999999998733748,6.384464567196999,0.9999999998847138,2.6407687901116583,1.8603417052034448,2.520595930094668,0.660254224891224,0
-1.9998950779175537,0.9999999999103445,2.7201955163841323,0.999999999901945,2.280917961298857,-0.06304655169461543,1.057223478017635,1.1202700297122503,0
0.33918146717397873,0.5494989832650751,2.361778919348707,0.23738051307505603,1.4399964213193626,-0.5702458169714824,-0.7023676519295481,-0.1321218349580664,1
-1.6315156664877357,0.9999999994283774,3.5044952180787146,0.9999999994503037,1.2503618510196575,-2.111908377036633,-2.0333899972922582,0.0785183797443744,1
-1.9929078228283312,0.9879698047572472,2.2439123662116898,0.9871743181207658,1.2696775658993666,0.2932124550092199,-3.0455317339950003,-3.33874418900422,1
3.419263985994028,0.999999999604621,3.5969271693625466,0.9999999995764198,1.407402552059153,2.4951674804237784,4.185083191823606,1.6899157113998289,1
1.063928308688181,-0.06104473239692144,0.8452506421343493,-0.5455436533930811,0.7133951849152482,0.889918577942888,0.9009503205519307,0.011031742609042772,0
-0.6443796109280695,0.9999999994185748,1.7715356458254168,0.9999999995518963,0.7820575065393274,0.9399388733475398,1.3389645707084328,0.399025697360893,0
