experiment_id,stage,case_id,sequence_id,seed,checkpoint,competence_id,intervention_id,intervention_value,target_protocol,control_protocol,q_target,q_control,rc,ccce,standard_error,ci_low,ci_high,identification_status,ccce_gt
E01_GT_RECOVERY,discovery,beneficial,analytical_single_step,0,theta_1,K1,beneficial_c-2.0,-2.0,L_T_beneficial,L_C_beneficial,0.8968360689552657,-0.8952957505059486,,1.7921318194612144,0.004933147294137369,1.7822182888178049,1.8020453501046239,CERTIFIED,1.7878716954016463
E01_GT_RECOVERY,discovery,beneficial,analytical_single_step,1,theta_1,K1,beneficial_c-2.0,-2.0,L_T_beneficial,L_C_beneficial,0.8906953249686215,-0.900318194691789,,1.7910135196604104,0.004726323374405245,1.7815156172445406,1.8005114220762803,CERTIFIED,1.7878716954016463
E01_GT_RECOVERY,discovery,beneficial,analytical_single_step,2,theta_1,K1,beneficial_c-2.0,-2.0,L_T_beneficial,L_C_beneficial,0.898592216995656,-0.8923538878213898,,1.7909461048170454,0.004893036684687472,1.7811131794611326,1.8007790301729583,CERTIFIED,1.7878716954016463
E01_GT_RECOVERY,discovery,beneficial,analytical_single_step,3,theta_1,K1,beneficial_c-2.0,-2.0,L_T_beneficial,L_C_beneficial,0.8960681546267485,-0.8897243781827336,,1.785792532809482,0.0032393482923227987,1.779282818696793,1.7923022469221708,CERTIFIED,1.7878716954016463
E01_GT_RECOVERY,discovery,beneficial,analytical_single_step,4,theta_1,K1,beneficial_c-2.0,-2.0,L_T_beneficial,L_C_beneficial,0.8990258004299271,-0.8914986968784614,,1.7905244973083887,0.0041388685690544,1.7822071295222845,1.7988418650944928,CERTIFIED,1.7878716954016463
E01_GT_RECOVERY,discovery,beneficial,analytical_single_step,5,theta_1,K1,beneficial_c-2.0,-2.0,L_T_beneficial,L_C_beneficial,0.9007237660292476,-0.8907333636874608,,1.7914571297167086,0.00383689341203044,1.7837466037283878,1.7991676557050293,CERTIFIED,1.7878716954016463
E01_GT_RECOVERY,discovery,beneficial,analytical_single_step,6,theta_1,K1,beneficial_c-2.0,-2.0,L_T_beneficial,L_C_beneficial,0.9233874386154562,-0.8606420759791661,,1.7840295145946221,0.00425294773799593,1.7754828961355407,1.7925761330537036,CERTIFIED,1.7878716954016463
E01_GT_RECOVERY,discovery,beneficial,analytical_single_step,7,theta_1,K1,beneficial_c-2.0,-2.0,L_T_beneficial,L_C_beneficial,0.8684854947944328,-0.9159505771479093,,1.7844360719423418,0.004424253291454996,1.7755452020850462,1.7933269417996374,CERTIFIED,1.7878716954016463
E01_GT_RECOVERY,discovery,beneficial,analytical_single_step,8,theta_1,K1,beneficial_c-2.0,-2.0,L_T_beneficial,L_C_beneficial,0.8965389303572787,-0.8914768528806657,,1.7880157832379444,0.00312146884548056,1.7817429567425962,1.7942886097332926,CERTIFIED,1.7878716954016463
E01_GT_RECOVERY,discovery,beneficial,analytical_single_step,9,theta_1,K1,beneficial_c-2.0,-2.0,L_T_beneficial,L_C_beneficial,0.8941918111183774,-0.888161693762278,,1.7823535048806554,0.00324771310297016,1.7758269810516263,1.7888800287096844,CERTIFIED,1.7878716954016463
E01_GT_RECOVERY,discovery,beneficial,analytical_single_step,0,theta_1,K1,beneficial_c-1.0,-1.0,L_T_beneficial,L_C_beneficial,0.907602798139463,-0.8772701903889616,,1.7848729885284245,0.003664188089795885,1.7775095268789867,1.7922364501778623,CERTIFIED,1.7878716954016463
E01_GT_RECOVERY,discovery,beneficial,analytical_single_step,1,theta_1,K1,beneficial_c-1.0,-1.0,L_T_beneficial,L_C_beneficial,0.8746156251448408,-0.9206608771560485,,1.7952765023008894,0.004222717113129018,1.7867906345569435,1.8037623700448353,CERTIFIED,1.7878716954016463
E01_GT_RECOVERY,discovery,beneficial,analytical_single_step,2,theta_1,K1,beneficial_c-1.0,-1.0,L_T_beneficial,L_C_beneficial,0.8851782209209423,-0.9012750404282477,,1.7864532613491904,0.00436155635851788,1.7776883856957693,1.7952181370026115,CERTIFIED,1.7878716954016463
E01_GT_RECOVERY,discovery,beneficial,analytical_single_step,3,theta_1,K1,beneficial_c-1.0,-1.0,L_T_beneficial,L_C_beneficial,0.8979233190542436,-0.9004634945914909,,1.7983868136457344,0.0037773191502398088,1.7907960066186783,1.8059776206727904,CERTIFIED,1.7878716954016463
E01_GT_RECOVERY,discovery,beneficial,analytical_single_step,4,theta_1,K1,beneficial_c-1.0,-1.0,L_T_beneficial,L_C_beneficial,0.8863028984890462,-0.8956001238143023,,1.7819030223033485,0.004125940280200863,1.7736116348863828,1.7901944097203142,CERTIFIED,1.7878716954016463
E01_GT_RECOVERY,discovery,beneficial,analytical_single_step,5,theta_1,K1,beneficial_c-1.0,-1.0,L_T_beneficial,L_C_beneficial,0.8956402733454607,-0.8982611267705124,,1.7939014001159732,0.004339531305758195,1.7851807854631745,1.802622014768772,CERTIFIED,1.7878716954016463
E01_GT_RECOVERY,discovery,beneficial,analytical_single_step,6,theta_1,K1,beneficial_c-1.0,-1.0,L_T_beneficial,L_C_beneficial,0.8848494394231986,-0.8994227421980113,,1.78427218162121,0.003491688605036687,1.7772553706647618,1.791288992577658,CERTIFIED,1.7878716954016463
E01_GT_RECOVERY,discovery,beneficial,analytical_single_step,7,theta_1,K1,beneficial_c-1.0,-1.0,L_T_beneficial,L_C_beneficial,0.8826871922774379,-0.896475233740595,,1.7791624260180334,0.0037185717743600326,1.7716896762627918,1.786635175773275,CERTIFIED,1.7878716954016463
E01_GT_RECOVERY,discovery,beneficial,analytical_single_step,8,theta_1,K1,beneficial_c-1.0,-1.0,L_T_beneficial,L_C_beneficial,0.884343818273603,-0.9091284070600723,,1.793472225333675,0.00412125091395922,1.7851902615509863,1.8017541891163638,CERTIFIED,1.7878716954016463
E01_GT_RECOVERY,discovery,beneficial,analytical_single_step,9,theta_1,K1,beneficial_c-1.0,-1.0,L_T_beneficial,L_C_beneficial,0.871207288470002,-0.9159668130445427,,1.7871741015145446,0.004522159472385684,1.778086481820489,1.7962617212086003,CERTIFIED,1.7878716954016463
E01_GT_RECOVERY,discovery,beneficial,analytical_single_step,0,theta_1,K1,beneficial_c0.0,0.0,L_T_beneficial,L_C_beneficial,0.9088190893690188,-0.8873965939675036,0.8939358477008231,1.796215683336522,0.0035557126942852694,1.7890702111557402,1.8033611555173037,CERTIFIED,1.7878716954016463
E01_GT_RECOVERY,discovery,beneficial,analytical_single_step,1,theta_1,K1,beneficial_c0.0,0.0,L_T_beneficial,L_C_beneficial,0.8814727582382256,-0.9089343054414006,0.8939358477008231,1.790407063679626,0.003295952814046089,1.7837835985217727,1.7970305288374795,CERTIFIED,1.7878716954016463
E01_GT_RECOVERY,discovery,beneficial,analytical_single_step,2,theta_1,K1,beneficial_c0.0,0.0,L_T_beneficial,L_C_beneficial,0.8924592044745077,-0.8927056746390319,0.8939358477008231,1.7851648791135397,0.0045755745232787075,1.7759699178559194,1.79435984037116,CERTIFIED,1.7878716954016463
E01_GT_RECOVERY,discovery,beneficial,analytical_single_step,3,theta_1,K1,beneficial_c0.0,0.0,L_T_beneficial,L_C_beneficial,0.9108575199629999,-0.8803448938044481,0.8939358477008231,1.7912024137674478,0.004450447653679842,1.782258904368473,1.8001459231664227,CERTIFIED,1.7878716954016463
E01_GT_RECOVERY,discovery,beneficial,analytical_single_step,4,theta_1,K1,beneficial_c0.0,0.0,L_T_beneficial,L_C_beneficial,0.898934567049709,-0.8920364652912198,0.8939358477008231,1.7909710323409291,0.003700791421956396,1.7835340135415854,1.798408051140273,CERTIFIED,1.7878716954016463
E01_GT_RECOVERY,discovery,beneficial,analytical_single_step,5,theta_1,K1,beneficial_c0.0,0.0,L_T_beneficial,L_C_beneficial,0.9007955875218863,-0.8884979577793521,0.8939358477008231,1.7892935453012384,0.0034713592970564673,1.7823175876186954,1.7962695029837814,CERTIFIED,1.7878716954016463
E01_GT_RECOVERY,discovery,beneficial,analytical_single_step,6,theta_1,K1,beneficial_c0.0,0.0,L_T_beneficial,L_C_beneficial,0.8933460151928493,-0.8877871134005254,0.8939358477008231,1.7811331285933747,0.004265848237591127,1.7725605856097602,1.7897056715769892,CERTIFIED,1.7878716954016463
E01_GT_RECOVERY,discovery,beneficial,analytical_single_step,7,theta_1,K1,beneficial_c0.0,0.0,L_T_beneficial,L_C_beneficial,0.9123714987732413,-0.8752878598260316,0.8939358477008231,1.7876593585992728,0.00444297312815688,1.7787308698216981,1.7965878473768475,CERTIFIED,1.7878716954016463
E01_GT_RECOVERY,discovery,beneficial,analytical_single_step,8,theta_1,K1,beneficial_c0.0,0.0,L_T_beneficial,L_C_beneficial,0.8965640759775892,-0.8910915840006264,0.8939358477008231,1.7876556599782156,0.003735596672154599,1.7801486974099514,1.7951626225464798,CERTIFIED,1.7878716954016463
E01_GT_RECOVERY,discovery,beneficial,analytical_single_step,9,theta_1,K1,beneficial_c0.0,0.0,L_T_beneficial,L_C_beneficial,0.8871955028073272,-0.8999372930342285,0.8939358477008231,1.7871327958415557,0.004643051490964458,1.7778022345405975,1.796463357142514,CERTIFIED,1.7878716954016463
E01_GT_RECOVERY,discovery,beneficial,analytical_single_step,0,theta_1,K1,beneficial_c1.0,1.0,L_T_beneficial,L_C_beneficial,0.892362091683526,-0.8982364895951549,,1.7905985812786809,0.0038552812186346094,1.7828511036095434,1.7983460589478184,CERTIFIED,1.7878716954016463
E01_GT_RECOVERY,discovery,beneficial,analytical_single_step,1,theta_1,K1,beneficial_c1.0,1.0,L_T_beneficial,L_C_beneficial,0.8847519620808169,-0.9079751370738509,,1.792727099154667,0.004175855204952868,1.7843354039409565,1.8011187943683777,CERTIFIED,1.7878716954016463
E01_GT_RECOVERY,discovery,beneficial,analytical_single_step,2,theta_1,K1,beneficial_c1.0,1.0,L_T_beneficial,L_C_beneficial,0.9104031556954421,-0.8827265123866836,,1.7931296680821256,0.0044018231789651075,1.7842838732234558,1.8019754629407954,CERTIFIED,1.7878716954016463
E01_GT_RECOVERY,discovery,beneficial,analytical_single_step,3,theta_1,K1,beneficial_c1.0,1.0,L_T_beneficial,L_C_beneficial,0.8934740789417589,-0.8989673250379181,,1.7924414039796768,0.003262195520875901,1.7858857766422507,1.7989970313171029,CERTIFIED,1.7878716954016463
E01_GT_RECOVERY,discovery,beneficial,analytical_single_step,4,theta_1,K1,beneficial_c1.0,1.0,L_T_beneficial,L_C_beneficial,0.9009504906647666,-0.883274297104552,,1.784224787769319,0.0038446434147391727,1.776498687567467,1.7919508879711707,CERTIFIED,1.7878716954016463
E01_GT_RECOVERY,discovery,beneficial,analytical_single_step,5,theta_1,K1,beneficial_c1.0,1.0,L_T_beneficial,L_C_beneficial,0.8869645080359398,-0.9042422482442573,,1.7912067562801968,0.004012391999626622,1.7831435526760917,1.7992699598843018,CERTIFIED,1.7878716954016463
E01_GT_RECOVERY,discovery,beneficial,analytical_single_step,6,theta_1,K1,beneficial_c1.0,1.0,L_T_beneficial,L_C_beneficial,0.8791695490939303,-0.9046665223987292,,1.7838360714926598,0.003646063660007793,1.7765090322485113,1.7911631107368082,CERTIFIED,1.7878716954016463
E01_GT_RECOVERY,discovery,beneficial,analytical_single_step,7,theta_1,K1,beneficial_c1.0,1.0,L_T_beneficial,L_C_beneficial,0.881604183019421,-0.908806241362156,,1.7904104243815773,0.004500174089559958,1.781366985968427,1.7994538627947276,CERTIFIED,1.7878716954016463
E01_GT_RECOVERY,discovery,beneficial,analytical_single_step,8,theta_1,K1,beneficial_c1.0,1.0,L_T_beneficial,L_C_beneficial,0.8859644205715419,-0.899568104732247,,1.7855325253037888,0.0040138022709750925,1.7774664876533042,1.7935985629542734,CERTIFIED,1.7878716954016463
E01_GT_RECOVERY,discovery,beneficial,analytical_single_step,9,theta_1,K1,beneficial_c1.0,1.0,L_T_beneficial,L_C_beneficial,0.8900155211144698,-0.8968042111794987,,1.7868197322939685,0.004284788614854505,1.7782091271972236,1.7954303373907134,CERTIFIED,1.7878716954016463
E01_GT_RECOVERY,discovery,beneficial,analytical_single_step,0,theta_1,K1,beneficial_c2.0,2.0,L_T_beneficial,L_C_beneficial,0.8885824203189376,-0.8978210277935669,,1.7864034481125044,0.004170991401970532,1.7780215270768254,1.7947853691481834,CERTIFIED,1.7878716954016463
E01_GT_RECOVERY,discovery,beneficial,analytical_single_step,1,theta_1,K1,beneficial_c2.0,2.0,L_T_beneficial,L_C_beneficial,0.9078258880385718,-0.8815061241312897,,1.7893320121698613,0.0041051557272747275,1.7810823928757706,1.797581631463952,CERTIFIED,1.7878716954016463
E01_GT_RECOVERY,discovery,beneficial,analytical_single_step,2,theta_1,K1,beneficial_c2.0,2.0,L_T_beneficial,L_C_beneficial,0.9174631296542145,-0.8725314631117648,,1.7899945927659795,0.004256127021872291,1.7814415852967482,1.7985476002352108,CERTIFIED,1.7878716954016463
E01_GT_RECOVERY,discovery,beneficial,analytical_single_step,3,theta_1,K1,beneficial_c2.0,2.0,L_T_beneficial,L_C_beneficial,0.9185849165027171,-0.8730754915325195,,1.7916604080352365,0.0033436988734824283,1.7849409935786693,1.7983798224918037,CERTIFIED,1.7878716954016463
E01_GT_RECOVERY,discovery,beneficial,analytical_single_step,4,theta_1,K1,beneficial_c2.0,2.0,L_T_beneficial,L_C_beneficial,0.9198142220548862,-0.8722216835169694,,1.792035905571855,0.004498787888871721,1.7829952528332815,1.8010765583104287,CERTIFIED,1.7878716954016463
E01_GT_RECOVERY,discovery,beneficial,analytical_single_step,5,theta_1,K1,beneficial_c2.0,2.0,L_T_beneficial,L_C_beneficial,0.8759289474107571,-0.9094058126414873,,1.7853347600522447,0.003982680277945928,1.7773312643882815,1.7933382557162079,CERTIFIED,1.7878716954016463
E01_GT_RECOVERY,discovery,beneficial,analytical_single_step,6,theta_1,K1,beneficial_c2.0,2.0,L_T_beneficial,L_C_beneficial,0.8864047805702207,-0.9009698508437418,,1.7873746314139627,0.004104563981990783,1.7791262012765414,1.795623061551384,CERTIFIED,1.7878716954016463
E01_GT_RECOVERY,discovery,beneficial,analytical_single_step,7,theta_1,K1,beneficial_c2.0,2.0,L_T_beneficial,L_C_beneficial,0.8891391238566558,-0.8961522915244671,,1.7852914153811223,0.003922413396611204,1.7774090305495085,1.7931738002127362,CERTIFIED,1.7878716954016463
E01_GT_RECOVERY,discovery,beneficial,analytical_single_step,8,theta_1,K1,beneficial_c2.0,2.0,L_T_beneficial,L_C_beneficial,0.8765221554936126,-0.9098220065471462,,1.786344162040759,0.0038981215585011547,1.7785105934854755,1.7941777305960425,CERTIFIED,1.7878716954016463
E01_GT_RECOVERY,discovery,beneficial,analytical_single_step,9,theta_1,K1,beneficial_c2.0,2.0,L_T_beneficial,L_C_beneficial,0.8885381837425267,-0.9015976602083718,,1.7901358439508983,0.0036407961693286574,1.7828193901255804,1.7974522977762162,CERTIFIED,1.7878716954016463
E01_GT_RECOVERY,discovery,neutral,analytical_single_step,0,theta_1,K1,neutral_c-2.0,-2.0,L_T_neutral,L_C_neutral,0.4640490040024712,0.46983256481298724,,-0.005783560810516092,0.004675979849175197,-0.015180294124733883,0.0036131725037016997,CERTIFIED,0.0
E01_GT_RECOVERY,discovery,neutral,analytical_single_step,1,theta_1,K1,neutral_c-2.0,-2.0,L_T_neutral,L_C_neutral,0.4735928585568127,0.4778734084120061,,-0.0042805498551935035,0.0035785533023220987,-0.011471921956287056,0.00291082224590005,CERTIFIED,0.0
E01_GT_RECOVERY,discovery,neutral,analytical_single_step,2,theta_1,K1,neutral_c-2.0,-2.0,L_T_neutral,L_C_neutral,0.43570665244012785,0.4345736193749805,,0.0011330330651474058,0.0038270140154602326,-0.006557639532468013,0.008823705662762825,CERTIFIED,0.0
E01_GT_RECOVERY,discovery,neutral,analytical_single_step,3,theta_1,K1,neutral_c-2.0,-2.0,L_T_neutral,L_C_neutral,0.46982259170349616,0.4680278800150976,,0.0017947116883985758,0.0032608993392808164,-0.00475831087459125,0.008347734251388402,CERTIFIED,0.0
E01_GT_RECOVERY,discovery,neutral,analytical_single_step,4,theta_1,K1,neutral_c-2.0,-2.0,L_T_neutral,L_C_neutral,0.43627802763568674,0.43624040340258347,,3.7624233103226714e-05,0.003970029920467578,-0.007940449585730583,0.008015698051937034,CERTIFIED,0.0
E01_GT_RECOVERY,discovery,neutral,analytical_single_step,5,theta_1,K1,neutral_c-2.0,-2.0,L_T_neutral,L_C_neutral,0.4584204497401832,0.45711428145492655,,0.001306168285256689,0.004081658475774014,-0.006896231514077446,0.009508568084590824,CERTIFIED,0.0
E01_GT_RECOVERY,discovery,neutral,analytical_single_step,6,theta_1,K1,neutral_c-2.0,-2.0,L_T_neutral,L_C_neutral,0.43266816383168566,0.42467561226451345,,0.007992551567172164,0.0036180259982525336,0.0007218561137940765,0.015263247020550251,CERTIFIED,0.0
E01_GT_RECOVERY,discovery,neutral,analytical_single_step,7,theta_1,K1,neutral_c-2.0,-2.0,L_T_neutral,L_C_neutral,0.45152855040511064,0.45840058922563026,,-0.006872038820519689,0.004899564111139688,-0.016718081530993138,0.0029740038899537594,CERTIFIED,0.0
E01_GT_RECOVERY,discovery,neutral,analytical_single_step,8,theta_1,K1,neutral_c-2.0,-2.0,L_T_neutral,L_C_neutral,0.4549089572573035,0.45458124305630926,,0.00032771420099432015,0.003952811585140727,-0.0076157580775420616,0.008271186479530701,CERTIFIED,0.0
E01_GT_RECOVERY,discovery,neutral,analytical_single_step,9,theta_1,K1,neutral_c-2.0,-2.0,L_T_neutral,L_C_neutral,0.4173070106851867,0.4175776984666928,,-0.000270687781506046,0.003826746975365337,-0.007960823741959442,0.00741944817894735,CERTIFIED,0.0
E01_GT_RECOVERY,discovery,neutral,analytical_single_step,0,theta_1,K1,neutral_c-1.0,-1.0,L_T_neutral,L_C_neutral,0.4321899912391403,0.4310955124245324,,0.0010944788146079753,0.00434744651526508,-0.007642042047212533,0.009830999676428484,CERTIFIED,0.0
E01_GT_RECOVERY,discovery,neutral,analytical_single_step,1,theta_1,K1,neutral_c-1.0,-1.0,L_T_neutral,L_C_neutral,0.43394848361467075,0.4405417461521688,,-0.006593262537498031,0.004370646790832133,-0.015376406098592664,0.0021898810235966015,CERTIFIED,0.0
E01_GT_RECOVERY,discovery,neutral,analytical_single_step,2,theta_1,K1,neutral_c-1.0,-1.0,L_T_neutral,L_C_neutral,0.43319365842422564,0.43097412798140616,,0.002219530442819481,0.004373536897286619,-0.0065694210046387536,0.011008481890277717,CERTIFIED,0.0
E01_GT_RECOVERY,discovery,neutral,analytical_single_step,3,theta_1,K1,neutral_c-1.0,-1.0,L_T_neutral,L_C_neutral,0.4456060781350076,0.4464324341544891,,-0.0008263560194814856,0.003746017564693444,-0.008354260155340609,0.0067015481163776374,CERTIFIED,0.0
E01_GT_RECOVERY,discovery,neutral,analytical_single_step,4,theta_1,K1,neutral_c-1.0,-1.0,L_T_neutral,L_C_neutral,0.4477505733722908,0.44444231025727843,,0.0033082631150122225,0.003825777929343138,-0.004379925474551323,0.010996451704575768,CERTIFIED,0.0
E01_GT_RECOVERY,discovery,neutral,analytical_single_step,5,theta_1,K1,neutral_c-1.0,-1.0,L_T_neutral,L_C_neutral,0.45355710032136193,0.45211149865822287,,0.0014456016631389707,0.004467491791948974,-0.007532159214039819,0.01042336254031776,CERTIFIED,0.0
E01_GT_RECOVERY,discovery,neutral,analytical_single_step,6,theta_1,K1,neutral_c-1.0,-1.0,L_T_neutral,L_C_neutral,0.4556654689186425,0.46533428757705636,,-0.009668818658413826,0.0037510384883736874,-0.017206812718168284,-0.0021308245986593703,CERTIFIED,0.0
E01_GT_RECOVERY,discovery,neutral,analytical_single_step,7,theta_1,K1,neutral_c-1.0,-1.0,L_T_neutral,L_C_neutral,0.440113485355336,0.448475362922425,,-0.008361877567089122,0.0045703225860263775,-0.017546284661660198,0.0008225295274819529,CERTIFIED,0.0
E01_GT_RECOVERY,discovery,neutral,analytical_single_step,8,theta_1,K1,neutral_c-1.0,-1.0,L_T_neutral,L_C_neutral,0.4277908067490073,0.42828215800719655,,-0.000491351258189236,0.004008296932528859,-0.008546325516860322,0.00756362300048185,CERTIFIED,0.0
E01_GT_RECOVERY,discovery,neutral,analytical_single_step,9,theta_1,K1,neutral_c-1.0,-1.0,L_T_neutral,L_C_neutral,0.4353166145692305,0.43929174986981484,,-0.003975135300584406,0.004480734603406009,-0.012979508603737224,0.005029238002568413,CERTIFIED,0.0
E01_GT_RECOVERY,discovery,neutral,analytical_single_step,0,theta_1,K1,neutral_c0.0,0.0,L_T_neutral,L_C_neutral,0.44563148739874836,0.4454370950254565,0.44696792385041156,0.00019439237329181181,0.003928725136913684,-0.007700676375337107,0.008089461121920731,CERTIFIED,0.0
E01_GT_RECOVERY,discovery,neutral,analytical_single_step,1,theta_1,K1,neutral_c0.0,0.0,L_T_neutral,L_C_neutral,0.43151285909785225,0.42986566504095036,0.44696792385041156,0.001647194056901834,0.004017565847860553,-0.00642640678449487,0.009720794898298538,CERTIFIED,0.0
E01_GT_RECOVERY,discovery,neutral,analytical_single_step,2,theta_1,K1,neutral_c0.0,0.0,L_T_neutral,L_C_neutral,0.42433812303051616,0.41619695893471204,0.44696792385041156,0.008141164095804104,0.0030767016454438505,0.001958300657085357,0.01432402753452285,CERTIFIED,0.0
E01_GT_RECOVERY,discovery,neutral,analytical_single_step,3,theta_1,K1,neutral_c0.0,0.0,L_T_neutral,L_C_neutral,0.4575341886365759,0.4560869797550112,0.44696792385041156,0.001447208881564892,0.003948899544904456,-0.006488401857786026,0.00938281962091581,CERTIFIED,0.0
E01_GT_RECOVERY,discovery,neutral,analytical_single_step,4,theta_1,K1,neutral_c0.0,0.0,L_T_neutral,L_C_neutral,0.4765106685776114,0.46951692806590806,0.44696792385041156,0.006993740511703358,0.004213615107761931,-0.0014738360676486697,0.015461317091055384,CERTIFIED,0.0
E01_GT_RECOVERY,discovery,neutral,analytical_single_step,5,theta_1,K1,neutral_c0.0,0.0,L_T_neutral,L_C_neutral,0.45295633881205416,0.4476862952626521,0.44696792385041156,0.005270043549402077,0.003574422959655196,-0.00191302831734721,0.012453115416151364,CERTIFIED,0.0
E01_GT_RECOVERY,discovery,neutral,analytical_single_step,6,theta_1,K1,neutral_c0.0,0.0,L_T_neutral,L_C_neutral,0.4549426780105963,0.45160219563799275,0.44696792385041156,0.0033404823726034625,0.003610867266859218,-0.003915827071437359,0.010596791816644285,CERTIFIED,0.0
E01_GT_RECOVERY,discovery,neutral,analytical_single_step,7,theta_1,K1,neutral_c0.0,0.0,L_T_neutral,L_C_neutral,0.42351449342009617,0.42843423598657343,0.44696792385041156,-0.004919742566477359,0.004708252602475115,-0.014381330406560647,0.004541845273605929,CERTIFIED,0.0
E01_GT_RECOVERY,discovery,neutral,analytical_single_step,8,theta_1,K1,neutral_c0.0,0.0,L_T_neutral,L_C_neutral,0.45835276141782183,0.451150037619933,0.44696792385041156,0.007202723797888788,0.004028974023714755,-0.0008938026312053362,0.015299250226982912,CERTIFIED,0.0
E01_GT_RECOVERY,discovery,neutral,analytical_single_step,9,theta_1,K1,neutral_c0.0,0.0,L_T_neutral,L_C_neutral,0.439150029833756,0.4398804640980898,0.44696792385041156,-0.0007304342643337647,0.0035836538923665557,-0.007932056384875407,0.006471187856207878,CERTIFIED,0.0
E01_GT_RECOVERY,discovery,neutral,analytical_single_step,0,theta_1,K1,neutral_c1.0,1.0,L_T_neutral,L_C_neutral,0.44799448960330734,0.44471044452317654,,0.0032840450801308453,0.004123331659910608,-0.005002100118096514,0.011570190278358206,CERTIFIED,0.0
E01_GT_RECOVERY,discovery,neutral,analytical_single_step,1,theta_1,K1,neutral_c1.0,1.0,L_T_neutral,L_C_neutral,0.4494812031963289,0.45231625684302273,,-0.00283505364669384,0.0034013202719424124,-0.009670262638735001,0.004000155345347322,CERTIFIED,0.0
E01_GT_RECOVERY,discovery,neutral,analytical_single_step,2,theta_1,K1,neutral_c1.0,1.0,L_T_neutral,L_C_neutral,0.4688603478345035,0.4689483672520091,,-8.801941750570363e-05,0.003312555010504519,-0.006744847938243972,0.006568809103232565,CERTIFIED,0.0
E01_GT_RECOVERY,discovery,neutral,analytical_single_step,3,theta_1,K1,neutral_c1.0,1.0,L_T_neutral,L_C_neutral,0.4453713312152392,0.4462882387760807,,-0.0009169075608414967,0.0033041462776242673,-0.007556838100207977,0.005723022978524983,CERTIFIED,0.0
E01_GT_RECOVERY,discovery,neutral,analytical_single_step,4,theta_1,K1,neutral_c1.0,1.0,L_T_neutral,L_C_neutral,0.44807712887726303,0.4481275741255422,,-5.0445248279231134e-05,0.004290515915420293,-0.008672559786416742,0.008571669289858279,CERTIFIED,0.0
E01_GT_RECOVERY,discovery,neutral,analytical_single_step,5,theta_1,K1,neutral_c1.0,1.0,L_T_neutral,L_C_neutral,0.45212652899175265,0.4507921374512105,,0.0013343915405422825,0.0039299719493348,-0.0065631827714534565,0.009231965852538021,CERTIFIED,0.0
E01_GT_RECOVERY,discovery,neutral,analytical_single_step,6,theta_1,K1,neutral_c1.0,1.0,L_T_neutral,L_C_neutral,0.44966077354536815,0.4514253069507527,,-0.0017645334053846462,0.003932913125830259,-0.009668018232833687,0.006138951422064394,CERTIFIED,0.0
E01_GT_RECOVERY,discovery,neutral,analytical_single_step,7,theta_1,K1,neutral_c1.0,1.0,L_T_neutral,L_C_neutral,0.4596158661291019,0.4613718633981491,,-0.0017559972690470982,0.003962277757848199,-0.009718492533846802,0.006206497995752606,CERTIFIED,0.0
E01_GT_RECOVERY,discovery,neutral,analytical_single_step,8,theta_1,K1,neutral_c1.0,1.0,L_T_neutral,L_C_neutral,0.45125126854948666,0.4550560860571939,,-0.0038048175077071873,0.004355217713294929,-0.012556955176651308,0.004947320161236933,CERTIFIED,0.0
E01_GT_RECOVERY,discovery,neutral,analytical_single_step,9,theta_1,K1,neutral_c1.0,1.0,L_T_neutral,L_C_neutral,0.42989261879605317,0.4356216789492609,,-0.005729060153207836,0.0043266667455285025,-0.014423822504332471,0.002965702197916798,CERTIFIED,0.0
E01_GT_RECOVERY,discovery,neutral,analytical_single_step,0,theta_1,K1,neutral_c2.0,2.0,L_T_neutral,L_C_neutral,0.4443405379077946,0.4484088403919679,,-0.004068302484173328,0.0037217573699908513,-0.011547453933510188,0.003410848965163531,CERTIFIED,0.0
E01_GT_RECOVERY,discovery,neutral,analytical_single_step,1,theta_1,K1,neutral_c2.0,2.0,L_T_neutral,L_C_neutral,0.4633458170201816,0.46303270809267616,,0.00031310892750542884,0.004167607168473146,-0.00806201123634051,0.00868822909135137,CERTIFIED,0.0
E01_GT_RECOVERY,discovery,neutral,analytical_single_step,2,theta_1,K1,neutral_c2.0,2.0,L_T_neutral,L_C_neutral,0.44957884473400006,0.4471645503808868,,0.0024142943531132444,0.004552196765755384,-0.006733687541888588,0.011562276248115077,CERTIFIED,0.0
E01_GT_RECOVERY,discovery,neutral,analytical_single_step,3,theta_1,K1,neutral_c2.0,2.0,L_T_neutral,L_C_neutral,0.43491104435895117,0.4403147369395207,,-0.005403692580569556,0.004375293929053395,-0.014196174915557152,0.00338878975441804,CERTIFIED,0.0
E01_GT_RECOVERY,discovery,neutral,analytical_single_step,4,theta_1,K1,neutral_c2.0,2.0,L_T_neutral,L_C_neutral,0.45988265379079885,0.461287572609324,,-0.0014049188185252103,0.004952937073280826,-0.011358218512049727,0.008548380874999305,CERTIFIED,0.0
E01_GT_RECOVERY,discovery,neutral,analytical_single_step,5,theta_1,K1,neutral_c2.0,2.0,L_T_neutral,L_C_neutral,0.46668990118412645,0.46730736457881183,,-0.0006174633946854274,0.00448319001120109,-0.009626771024540294,0.00839184423516944,CERTIFIED,0.0
E01_GT_RECOVERY,discovery,neutral,analytical_single_step,6,theta_1,K1,neutral_c2.0,2.0,L_T_neutral,L_C_neutral,0.4397349906161145,0.4374652403824239,,0.0022697502336906515,0.004317785318729034,-0.006407164222067396,0.010946664689448698,CERTIFIED,0.0
E01_GT_RECOVERY,discovery,neutral,analytical_single_step,7,theta_1,K1,neutral_c2.0,2.0,L_T_neutral,L_C_neutral,0.43128409918016486,0.43142544848195885,,-0.00014134930179400375,0.003920293331418718,-0.008019473702895949,0.007736775099307942,CERTIFIED,0.0
E01_GT_RECOVERY,discovery,neutral,analytical_single_step,8,theta_1,K1,neutral_c2.0,2.0,L_T_neutral,L_C_neutral,0.4577027206242741,0.4590407973149631,,-0.0013380766906889775,0.004179971333959757,-0.009738043575324578,0.007061890193946624,CERTIFIED,0.0
E01_GT_RECOVERY,discovery,neutral,analytical_single_step,9,theta_1,K1,neutral_c2.0,2.0,L_T_neutral,L_C_neutral,0.4484489978404493,0.449152683736137,,-0.0007036858956876441,0.0038404703574565083,-0.00842140002496112,0.007014028233585833,CERTIFIED,0.0
E01_GT_RECOVERY,discovery,harmful,analytical_single_step,0,theta_1,K1,harmful_c-2.0,-2.0,L_T_harmful,L_C_harmful,-0.8857344142184274,0.9049458504731765,,-1.7906802646916034,0.0033411307532290485,-1.7973945183173035,-1.7839660110659032,CERTIFIED,-1.7878716954016463
E01_GT_RECOVERY,discovery,harmful,analytical_single_step,1,theta_1,K1,harmful_c-2.0,-2.0,L_T_harmful,L_C_harmful,-0.8932209269855949,0.8943718235058679,,-1.7875927504914626,0.0040692244787058135,-1.79577016323819,-1.7794153377447353,CERTIFIED,-1.7878716954016463
E01_GT_RECOVERY,discovery,harmful,analytical_single_step,2,theta_1,K1,harmful_c-2.0,-2.0,L_T_harmful,L_C_harmful,-0.9210328559703835,0.8662589402546927,,-1.7872917962250765,0.0034668743100100914,-1.7942587409887123,-1.7803248514614407,CERTIFIED,-1.7878716954016463
E01_GT_RECOVERY,discovery,harmful,analytical_single_step,3,theta_1,K1,harmful_c-2.0,-2.0,L_T_harmful,L_C_harmful,-0.8897066954460555,0.9004829067584371,,-1.790189602204493,0.004279403788438216,-1.7987893860874156,-1.7815898183215704,CERTIFIED,-1.7878716954016463
E01_GT_RECOVERY,discovery,harmful,analytical_single_step,4,theta_1,K1,harmful_c-2.0,-2.0,L_T_harmful,L_C_harmful,-0.8800896145605624,0.9023646209450134,,-1.7824542355055757,0.0038207923456674386,-1.790132405189642,-1.7747760658215095,CERTIFIED,-1.7878716954016463
E01_GT_RECOVERY,discovery,harmful,analytical_single_step,5,theta_1,K1,harmful_c-2.0,-2.0,L_T_harmful,L_C_harmful,-0.882166303536954,0.9000788865548482,,-1.7822451900918026,0.0041927384461655365,-1.7906708134489766,-1.7738195667346286,CERTIFIED,-1.7878716954016463
E01_GT_RECOVERY,discovery,harmful,analytical_single_step,6,theta_1,K1,harmful_c-2.0,-2.0,L_T_harmful,L_C_harmful,-0.8860895003236996,0.9038562120992688,,-1.7899457124229685,0.004360013518049962,-1.7987074876223905,-1.7811839372235465,CERTIFIED,-1.7878716954016463
E01_GT_RECOVERY,discovery,harmful,analytical_single_step,7,theta_1,K1,harmful_c-2.0,-2.0,L_T_harmful,L_C_harmful,-0.9000920835843134,0.8848866581982131,,-1.7849787417825262,0.0034884214199207065,-1.7919889870846701,-1.7779684964803824,CERTIFIED,-1.7878716954016463
E01_GT_RECOVERY,discovery,harmful,analytical_single_step,8,theta_1,K1,harmful_c-2.0,-2.0,L_T_harmful,L_C_harmful,-0.8934783120812736,0.8978347482915252,,-1.791313060372799,0.0048604402122135616,-1.8010804806648104,-1.7815456400807874,CERTIFIED,-1.7878716954016463
E01_GT_RECOVERY,discovery,harmful,analytical_single_step,9,theta_1,K1,harmful_c-2.0,-2.0,L_T_harmful,L_C_harmful,-0.9357445552132602,0.8498025168125026,,-1.7855470720257631,0.0046225254535001625,-1.7948363847101168,-1.7762577593414095,CERTIFIED,-1.7878716954016463
E01_GT_RECOVERY,discovery,harmful,analytical_single_step,0,theta_1,K1,harmful_c-1.0,-1.0,L_T_harmful,L_C_harmful,-0.930437498907787,0.8580916437032413,,-1.7885291426110284,0.0046957944760885675,-1.7979656949088243,-1.7790925903132324,CERTIFIED,-1.7878716954016463
E01_GT_RECOVERY,discovery,harmful,analytical_single_step,1,theta_1,K1,harmful_c-1.0,-1.0,L_T_harmful,L_C_harmful,-0.8817898121561862,0.8999900534264895,,-1.7817798655826758,0.0035946642314357404,-1.7890036138079632,-1.7745561173573883,CERTIFIED,-1.7878716954016463
E01_GT_RECOVERY,discovery,harmful,analytical_single_step,2,theta_1,K1,harmful_c-1.0,-1.0,L_T_harmful,L_C_harmful,-0.8847319182660079,0.9011032290781984,,-1.7858351473442065,0.0036025355199248016,-1.7930747135159257,-1.7785955811724872,CERTIFIED,-1.7878716954016463
E01_GT_RECOVERY,discovery,harmful,analytical_single_step,3,theta_1,K1,harmful_c-1.0,-1.0,L_T_harmful,L_C_harmful,-0.893058887817805,0.8866300335021322,,-1.7796889213199372,0.004534877129303653,-1.7888020981024095,-1.7705757445374648,CERTIFIED,-1.7878716954016463
E01_GT_RECOVERY,discovery,harmful,analytical_single_step,4,theta_1,K1,harmful_c-1.0,-1.0,L_T_harmful,L_C_harmful,-0.8771702377942959,0.9094924324558827,,-1.7866626702501787,0.0044688728469516,-1.795643206461292,-1.7776821340390654,CERTIFIED,-1.7878716954016463
E01_GT_RECOVERY,discovery,harmful,analytical_single_step,5,theta_1,K1,harmful_c-1.0,-1.0,L_T_harmful,L_C_harmful,-0.8783232497546181,0.9093138316387571,,-1.7876370813933755,0.004270667231040729,-1.7962193085068943,-1.7790548542798568,CERTIFIED,-1.7878716954016463
E01_GT_RECOVERY,discovery,harmful,analytical_single_step,6,theta_1,K1,harmful_c-1.0,-1.0,L_T_harmful,L_C_harmful,-0.8928321132060255,0.8964089247878598,,-1.7892410379938855,0.0038700606012147328,-1.797018215944276,-1.7814638600434949,CERTIFIED,-1.7878716954016463
E01_GT_RECOVERY,discovery,harmful,analytical_single_step,7,theta_1,K1,harmful_c-1.0,-1.0,L_T_harmful,L_C_harmful,-0.9066441879430552,0.8793652333432442,,-1.7860094212862991,0.003997056551302279,-1.7940418071532014,-1.777977035419397,CERTIFIED,-1.7878716954016463
E01_GT_RECOVERY,discovery,harmful,analytical_single_step,8,theta_1,K1,harmful_c-1.0,-1.0,L_T_harmful,L_C_harmful,-0.9045316060806357,0.8797111492910872,,-1.7842427553717228,0.004345084027613382,-1.7929745286368606,-1.775510982106585,CERTIFIED,-1.7878716954016463
E01_GT_RECOVERY,discovery,harmful,analytical_single_step,9,theta_1,K1,harmful_c-1.0,-1.0,L_T_harmful,L_C_harmful,-0.9145514215082683,0.8763881071321991,,-1.7909395286404677,0.004112463446035648,-1.79920383334522,-1.7826752239357153,CERTIFIED,-1.7878716954016463
E01_GT_RECOVERY,discovery,harmful,analytical_single_step,0,theta_1,K1,harmful_c0.0,0.0,L_T_harmful,L_C_harmful,-0.9076807416087519,0.8772964901132844,-0.8939358477008231,-1.7849772317220365,0.0041146646724857265,-1.7932459599569543,-1.7767085034871186,CERTIFIED,-1.7878716954016463
E01_GT_RECOVERY,discovery,harmful,analytical_single_step,1,theta_1,K1,harmful_c0.0,0.0,L_T_harmful,L_C_harmful,-0.9123407634942073,0.8750253147771138,-0.8939358477008231,-1.7873660782713208,0.004353067884153291,-1.7961138956968579,-1.7786182608457837,CERTIFIED,-1.7878716954016463
E01_GT_RECOVERY,discovery,harmful,analytical_single_step,2,theta_1,K1,harmful_c0.0,0.0,L_T_harmful,L_C_harmful,-0.8762532268008679,0.9126030983018303,-0.8939358477008231,-1.7888563251026983,0.004489301310840055,-1.7978779138489742,-1.7798347363564224,CERTIFIED,-1.7878716954016463
E01_GT_RECOVERY,discovery,harmful,analytical_single_step,3,theta_1,K1,harmful_c0.0,0.0,L_T_harmful,L_C_harmful,-0.9014824455905373,0.8889721146219361,-0.8939358477008231,-1.790454560212473,0.0038638581749726934,-1.7982192739206775,-1.7826898465042686,CERTIFIED,-1.7878716954016463
E01_GT_RECOVERY,discovery,harmful,analytical_single_step,4,theta_1,K1,harmful_c0.0,0.0,L_T_harmful,L_C_harmful,-0.8971972518175021,0.886081541287583,-0.8939358477008231,-1.783278793105085,0.0037049709650416322,-1.7907242110107155,-1.7758333751994546,CERTIFIED,-1.7878716954016463
E01_GT_RECOVERY,discovery,harmful,analytical_single_step,5,theta_1,K1,harmful_c0.0,0.0,L_T_harmful,L_C_harmful,-0.8811015722474138,0.9061139058641645,-0.8939358477008231,-1.7872154781115788,0.004257725280184886,-1.7957716974011375,-1.77865925882202,CERTIFIED,-1.7878716954016463
E01_GT_RECOVERY,discovery,harmful,analytical_single_step,6,theta_1,K1,harmful_c0.0,0.0,L_T_harmful,L_C_harmful,-0.8982808136471283,0.8970873245437161,-0.8939358477008231,-1.7953681381908444,0.003615822382365785,-1.8026344053123042,-1.7881018710693846,CERTIFIED,-1.7878716954016463
E01_GT_RECOVERY,discovery,harmful,analytical_single_step,7,theta_1,K1,harmful_c0.0,0.0,L_T_harmful,L_C_harmful,-0.8943301256579231,0.8980727365705633,-0.8939358477008231,-1.7924028622284869,0.003636679615667163,-1.7997110435295043,-1.7850946809274695,CERTIFIED,-1.7878716954016463
E01_GT_RECOVERY,discovery,harmful,analytical_single_step,8,theta_1,K1,harmful_c0.0,0.0,L_T_harmful,L_C_harmful,-0.893669822687407,0.8932672635485026,-0.8939358477008231,-1.7869370862359097,0.004192295729089495,-1.7953618199198107,-1.7785123525520088,CERTIFIED,-1.7878716954016463
E01_GT_RECOVERY,discovery,harmful,analytical_single_step,9,theta_1,K1,harmful_c0.0,0.0,L_T_harmful,L_C_harmful,-0.8728183672973922,0.9146572820266584,-0.8939358477008231,-1.7874756493240505,0.00342536068032069,-1.794359169325459,-1.7805921293226419,CERTIFIED,-1.7878716954016463
E01_GT_RECOVERY,discovery,harmful,analytical_single_step,0,theta_1,K1,harmful_c1.0,1.0,L_T_harmful,L_C_harmful,-0.8817848692477347,0.9020473330063633,,-1.7838322022540978,0.003775967348475655,-1.791420292733803,-1.7762441117743926,CERTIFIED,-1.7878716954016463
E01_GT_RECOVERY,discovery,harmful,analytical_single_step,1,theta_1,K1,harmful_c1.0,1.0,L_T_harmful,L_C_harmful,-0.9142543003146418,0.8749189237658106,,-1.7891732240804528,0.004059552551312494,-1.7973312003613953,-1.7810152477995103,CERTIFIED,-1.7878716954016463
E01_GT_RECOVERY,discovery,harmful,analytical_single_step,2,theta_1,K1,harmful_c1.0,1.0,L_T_harmful,L_C_harmful,-0.8844729777408482,0.9098490959515152,,-1.7943220736923635,0.004108732828541546,-1.8025788814405805,-1.7860652659441465,CERTIFIED,-1.7878716954016463
E01_GT_RECOVERY,discovery,harmful,analytical_single_step,3,theta_1,K1,harmful_c1.0,1.0,L_T_harmful,L_C_harmful,-0.8908715989177228,0.9018082660972065,,-1.792679865014929,0.004205091420807162,-1.8011303126040477,-1.7842294174258102,CERTIFIED,-1.7878716954016463
E01_GT_RECOVERY,discovery,harmful,analytical_single_step,4,theta_1,K1,harmful_c1.0,1.0,L_T_harmful,L_C_harmful,-0.9037685727841387,0.8921692416924834,,-1.7959378144766216,0.0038657929029312236,-1.8037064161662222,-1.788169212787021,CERTIFIED,-1.7878716954016463
E01_GT_RECOVERY,discovery,harmful,analytical_single_step,5,theta_1,K1,harmful_c1.0,1.0,L_T_harmful,L_C_harmful,-0.8855349183317008,0.9023147275399951,,-1.7878496458716961,0.0037006774610185205,-1.7952864356579612,-1.780412856085431,CERTIFIED,-1.7878716954016463
E01_GT_RECOVERY,discovery,harmful,analytical_single_step,6,theta_1,K1,harmful_c1.0,1.0,L_T_harmful,L_C_harmful,-0.8900322401399847,0.8990388442141068,,-1.7890710843540916,0.0035586340818230407,-1.7962224272829272,-1.7819197414252559,CERTIFIED,-1.7878716954016463
E01_GT_RECOVERY,discovery,harmful,analytical_single_step,7,theta_1,K1,harmful_c1.0,1.0,L_T_harmful,L_C_harmful,-0.9003809539666275,0.8903778016037542,,-1.7907587555703817,0.004276898514611682,-1.7993535049170601,-1.7821640062237032,CERTIFIED,-1.7878716954016463
E01_GT_RECOVERY,discovery,harmful,analytical_single_step,8,theta_1,K1,harmful_c1.0,1.0,L_T_harmful,L_C_harmful,-0.9071860228383472,0.8800806809026347,,-1.7872667037409817,0.004529797954576995,-1.7963696735396983,-1.7781637339422651,CERTIFIED,-1.7878716954016463
E01_GT_RECOVERY,discovery,harmful,analytical_single_step,9,theta_1,K1,harmful_c1.0,1.0,L_T_harmful,L_C_harmful,-0.8994866960139345,0.8816947249980137,,-1.7811814210119485,0.0037112780068707715,-1.7886395133926585,-1.7737233286312386,CERTIFIED,-1.7878716954016463
E01_GT_RECOVERY,discovery,harmful,analytical_single_step,0,theta_1,K1,harmful_c2.0,2.0,L_T_harmful,L_C_harmful,-0.9152927981748956,0.8779341749723266,,-1.7932269731472221,0.0050061898901824385,-1.8032872883828994,-1.7831666579115448,CERTIFIED,-1.7878716954016463
E01_GT_RECOVERY,discovery,harmful,analytical_single_step,1,theta_1,K1,harmful_c2.0,2.0,L_T_harmful,L_C_harmful,-0.8721562517451307,0.9114038535699284,,-1.7835601053150592,0.003833732805454091,-1.7912642798266698,-1.7758559308034485,CERTIFIED,-1.7878716954016463
E01_GT_RECOVERY,discovery,harmful,analytical_single_step,2,theta_1,K1,harmful_c2.0,2.0,L_T_harmful,L_C_harmful,-0.8937223643990307,0.8913343597838482,,-1.7850567241828788,0.0044731402166993325,-1.7940458359945646,-1.776067612371193,CERTIFIED,-1.7878716954016463
E01_GT_RECOVERY,discovery,harmful,analytical_single_step,3,theta_1,K1,harmful_c2.0,2.0,L_T_harmful,L_C_harmful,-0.8901211683605825,0.8974402413712138,,-1.7875614097317967,0.0035000680954847363,-1.7945950599047489,-1.7805277595588445,CERTIFIED,-1.7878716954016463
E01_GT_RECOVERY,discovery,harmful,analytical_single_step,4,theta_1,K1,harmful_c2.0,2.0,L_T_harmful,L_C_harmful,-0.9108530961170905,0.8826182349960184,,-1.7934713311131092,0.004085546161883221,-1.801681543510178,-1.7852611187160403,CERTIFIED,-1.7878716954016463
E01_GT_RECOVERY,discovery,harmful,analytical_single_step,5,theta_1,K1,harmful_c2.0,2.0,L_T_harmful,L_C_harmful,-0.8796452366729767,0.9041550048124221,,-1.7838002414853986,0.0038298995565944176,-1.791496712795023,-1.7761037701757743,CERTIFIED,-1.7878716954016463
E01_GT_RECOVERY,discovery,harmful,analytical_single_step,6,theta_1,K1,harmful_c2.0,2.0,L_T_harmful,L_C_harmful,-0.9004174253806724,0.8850542082548438,,-1.7854716336355165,0.00429738488799304,-1.7941075518908407,-1.7768357153801924,CERTIFIED,-1.7878716954016463
E01_GT_RECOVERY,discovery,harmful,analytical_single_step,7,theta_1,K1,harmful_c2.0,2.0,L_T_harmful,L_C_harmful,-0.8871422521305463,0.903228816481802,,-1.790371068612348,0.0039684285907384,-1.7983459244386115,-1.7823962127860844,CERTIFIED,-1.7878716954016463
E01_GT_RECOVERY,discovery,harmful,analytical_single_step,8,theta_1,K1,harmful_c2.0,2.0,L_T_harmful,L_C_harmful,-0.8850591722743046,0.9001018611601377,,-1.785161033434442,0.003982495493385358,-1.7931641577599282,-1.777157909108956,CERTIFIED,-1.7878716954016463
E01_GT_RECOVERY,discovery,harmful,analytical_single_step,9,theta_1,K1,harmful_c2.0,2.0,L_T_harmful,L_C_harmful,-0.9090398132156001,0.8730375907348114,,-1.7820774039504113,0.004131342266995297,-1.7903796470662703,-1.7737751608345522,CERTIFIED,-1.7878716954016463
E01_GT_RECOVERY,discovery,unidentifiable,analytical_single_step,0,theta_1,K1,unidentifiable_c3.0,3.0,L_T_unident,L_C_unident,2.230436442024931,-2.2344107841224896,,4.46484722614742,0.010687100846111592,4.443370692930371,4.486323759364469,UNIDENTIFIABLE,4.469679238504115
E01_GT_RECOVERY,discovery,unidentifiable,analytical_single_step,1,theta_1,K1,unidentifiable_c3.0,3.0,L_T_unident,L_C_unident,2.253254939188519,-2.2293687053812494,,4.482623644569768,0.009615759718820538,4.463300051952641,4.5019472371868945,UNIDENTIFIABLE,4.469679238504115
E01_GT_RECOVERY,discovery,unidentifiable,analytical_single_step,2,theta_1,K1,unidentifiable_c3.0,3.0,L_T_unident,L_C_unident,2.2280830779323555,-2.254499270316971,,4.482582348249326,0.008785846644484502,4.464926528395355,4.500238168103297,UNIDENTIFIABLE,4.469679238504115
E01_GT_RECOVERY,discovery,unidentifiable,analytical_single_step,3,theta_1,K1,unidentifiable_c3.0,3.0,L_T_unident,L_C_unident,2.238330145377795,-2.243823695179839,,4.482153840557634,0.010414055923101963,4.46122601165649,4.503081669458779,UNIDENTIFIABLE,4.469679238504115
E01_GT_RECOVERY,discovery,unidentifiable,analytical_single_step,4,theta_1,K1,unidentifiable_c3.0,3.0,L_T_unident,L_C_unident,2.248582732615073,-2.2408596839011197,,4.4894424165161935,0.008811673163403148,4.471734696329342,4.507150136703045,UNIDENTIFIABLE,4.469679238504115
E01_GT_RECOVERY,discovery,unidentifiable,analytical_single_step,5,theta_1,K1,unidentifiable_c3.0,3.0,L_T_unident,L_C_unident,2.228377787973559,-2.239981479968998,,4.4683592679425574,0.009346106270206848,4.449577564218371,4.487140971666744,UNIDENTIFIABLE,4.469679238504115
E01_GT_RECOVERY,discovery,unidentifiable,analytical_single_step,6,theta_1,K1,unidentifiable_c3.0,3.0,L_T_unident,L_C_unident,2.2233444426524547,-2.2345632437714213,,4.4579076864238765,0.00915205659979298,4.439515940112127,4.476299432735626,UNIDENTIFIABLE,4.469679238504115
E01_GT_RECOVERY,discovery,unidentifiable,analytical_single_step,7,theta_1,K1,unidentifiable_c3.0,3.0,L_T_unident,L_C_unident,2.233878948394393,-2.2379847878015315,,4.471863736195925,0.010366077319962932,4.45103232390756,4.492695148484289,UNIDENTIFIABLE,4.469679238504115
E01_GT_RECOVERY,discovery,unidentifiable,analytical_single_step,8,theta_1,K1,unidentifiable_c3.0,3.0,L_T_unident,L_C_unident,2.26494453491897,-2.2045499585623194,,4.46949449348129,0.009682990243211136,4.450035796067168,4.488953190895411,UNIDENTIFIABLE,4.469679238504115
E01_GT_RECOVERY,discovery,unidentifiable,analytical_single_step,9,theta_1,K1,unidentifiable_c3.0,3.0,L_T_unident,L_C_unident,2.2629026703371906,-2.2200692589775977,,4.482971929314788,0.009644316888534302,4.463590948916562,4.5023529097130135,UNIDENTIFIABLE,4.469679238504115
E01_GT_RECOVERY,discovery,hidden_vulnerability,analytical_single_step,0,theta_1,K1,hidden_vulnerability_c-2.0,-2.0,L_T_hidden,L_C_hidden,-5.397570841695565,5.352319664173362,,-10.74989050586893,0.02658622149196126,-10.803317518228008,-10.696463493509851,CERTIFIED,-10.727230172409877
E01_GT_RECOVERY,discovery,hidden_vulnerability,analytical_single_step,1,theta_1,K1,hidden_vulnerability_c-2.0,-2.0,L_T_hidden,L_C_hidden,-5.3697898128535595,5.34925440474444,,-10.719044217598,0.02294511399727417,-10.76515415050003,-10.672934284695971,CERTIFIED,-10.727230172409877
E01_GT_RECOVERY,discovery,hidden_vulnerability,analytical_single_step,2,theta_1,K1,hidden_vulnerability_c-2.0,-2.0,L_T_hidden,L_C_hidden,-5.3418873716783715,5.405663591279513,,-10.747550962957884,0.025771777256645877,-10.79934128834965,-10.695760637566119,CERTIFIED,-10.727230172409877
E01_GT_RECOVERY,discovery,hidden_vulnerability,analytical_single_step,3,theta_1,K1,hidden_vulnerability_c-2.0,-2.0,L_T_hidden,L_C_hidden,-5.369995886965401,5.381091908232861,,-10.75108779519826,0.024494446500454587,-10.80031122833276,-10.701864362063759,CERTIFIED,-10.727230172409877
E01_GT_RECOVERY,discovery,hidden_vulnerability,analytical_single_step,4,theta_1,K1,hidden_vulnerability_c-2.0,-2.0,L_T_hidden,L_C_hidden,-5.38323460337423,5.362884428252967,,-10.746119031627197,0.026324323524806466,-10.799019740316826,-10.693218322937568,CERTIFIED,-10.727230172409877
E01_GT_RECOVERY,discovery,hidden_vulnerability,analytical_single_step,5,theta_1,K1,hidden_vulnerability_c-2.0,-2.0,L_T_hidden,L_C_hidden,-5.3643847582110284,5.361630726633036,,-10.726015484844066,0.023987083667467428,-10.774219334193155,-10.677811635494976,CERTIFIED,-10.727230172409877
E01_GT_RECOVERY,discovery,hidden_vulnerability,analytical_single_step,6,theta_1,K1,hidden_vulnerability_c-2.0,-2.0,L_T_hidden,L_C_hidden,-5.382993592960287,5.360952024908519,,-10.743945617868805,0.026551683413934372,-10.797303223361542,-10.690588012376068,CERTIFIED,-10.727230172409877
E01_GT_RECOVERY,discovery,hidden_vulnerability,analytical_single_step,7,theta_1,K1,hidden_vulnerability_c-2.0,-2.0,L_T_hidden,L_C_hidden,-5.397202165530416,5.351110970853848,,-10.748313136384263,0.02353022957566134,-10.795598903063478,-10.701027369705049,CERTIFIED,-10.727230172409877
E01_GT_RECOVERY,discovery,hidden_vulnerability,analytical_single_step,8,theta_1,K1,hidden_vulnerability_c-2.0,-2.0,L_T_hidden,L_C_hidden,-5.337776683434535,5.369267102768666,,-10.707043786203199,0.023895464890097827,-10.755063520726031,-10.659024051680367,CERTIFIED,-10.727230172409877
E01_GT_RECOVERY,discovery,hidden_vulnerability,analytical_single_step,9,theta_1,K1,hidden_vulnerability_c-2.0,-2.0,L_T_hidden,L_C_hidden,-5.3513782907525504,5.369309640149047,,-10.720687930901597,0.02293317655648135,-10.766773874618215,-10.67460198718498,CERTIFIED,-10.727230172409877
E01_GT_RECOVERY,discovery,hidden_vulnerability,analytical_single_step,0,theta_1,K1,hidden_vulnerability_c-1.0,-1.0,L_T_hidden,L_C_hidden,-2.667314868169397,2.6927824839581365,,-5.360097352127533,0.011404746055450997,-5.383016047386315,-5.337178656868751,CERTIFIED,-5.3636150862049385
E01_GT_RECOVERY,discovery,hidden_vulnerability,analytical_single_step,1,theta_1,K1,hidden_vulnerability_c-1.0,-1.0,L_T_hidden,L_C_hidden,-2.691408264280186,2.663133962619844,,-5.35454222690003,0.012481326383799082,-5.37962439132744,-5.329460062472619,CERTIFIED,-5.3636150862049385
E01_GT_RECOVERY,discovery,hidden_vulnerability,analytical_single_step,2,theta_1,K1,hidden_vulnerability_c-1.0,-1.0,L_T_hidden,L_C_hidden,-2.659044542338828,2.7017965539197006,,-5.360841096258529,0.013396244817494806,-5.387761858114287,-5.33392033440277,CERTIFIED,-5.3636150862049385
E01_GT_RECOVERY,discovery,hidden_vulnerability,analytical_single_step,3,theta_1,K1,hidden_vulnerability_c-1.0,-1.0,L_T_hidden,L_C_hidden,-2.6902034876478664,2.6742826103361326,,-5.364486097984,0.012799638472890416,-5.390207934503327,-5.338764261464672,CERTIFIED,-5.3636150862049385
E01_GT_RECOVERY,discovery,hidden_vulnerability,analytical_single_step,4,theta_1,K1,hidden_vulnerability_c-1.0,-1.0,L_T_hidden,L_C_hidden,-2.693354696848851,2.6714274861199296,,-5.3647821829687805,0.014394785371639579,-5.393709587195418,-5.335854778742143,CERTIFIED,-5.3636150862049385
E01_GT_RECOVERY,discovery,hidden_vulnerability,analytical_single_step,5,theta_1,K1,hidden_vulnerability_c-1.0,-1.0,L_T_hidden,L_C_hidden,-2.6817900907109924,2.6786456870832818,,-5.360435777794276,0.012572710535158856,-5.385701585549325,-5.335169970039227,CERTIFIED,-5.3636150862049385
E01_GT_RECOVERY,discovery,hidden_vulnerability,analytical_single_step,6,theta_1,K1,hidden_vulnerability_c-1.0,-1.0,L_T_hidden,L_C_hidden,-2.7142097837239363,2.660042154043917,,-5.374251937767855,0.013093436338969663,-5.400564183203576,-5.347939692332133,CERTIFIED,-5.3636150862049385
E01_GT_RECOVERY,discovery,hidden_vulnerability,analytical_single_step,7,theta_1,K1,hidden_vulnerability_c-1.0,-1.0,L_T_hidden,L_C_hidden,-2.6946638867388812,2.6547652461804465,,-5.349429132919328,0.012874988539551147,-5.375302391066732,-5.323555874771923,CERTIFIED,-5.3636150862049385
E01_GT_RECOVERY,discovery,hidden_vulnerability,analytical_single_step,8,theta_1,K1,hidden_vulnerability_c-1.0,-1.0,L_T_hidden,L_C_hidden,-2.7031843935477924,2.6780234132552185,,-5.381207806803011,0.011512293577213882,-5.404342626898342,-5.35807298670768,CERTIFIED,-5.3636150862049385
E01_GT_RECOVERY,discovery,hidden_vulnerability,analytical_single_step,9,theta_1,K1,hidden_vulnerability_c-1.0,-1.0,L_T_hidden,L_C_hidden,-2.6657154748054745,2.6962354291447124,,-5.361950903950187,0.011263048626956674,-5.384584847565502,-5.339316960334872,CERTIFIED,-5.3636150862049385
E01_GT_RECOVERY,discovery,hidden_vulnerability,analytical_single_step,0,theta_1,K1,hidden_vulnerability_c0.0,0.0,L_T_hidden,L_C_hidden,0.02384155763363909,0.01718650999487783,0.0,0.006655047638761253,0.004165036311770826,-0.0017149061951174955,0.015025001472640001,CERTIFIED,0.0
E01_GT_RECOVERY,discovery,hidden_vulnerability,analytical_single_step,1,theta_1,K1,hidden_vulnerability_c0.0,0.0,L_T_hidden,L_C_hidden,0.009403839888753741,0.011563732013584582,0.0,-0.0021598921248308367,0.0038098133597823927,-0.009815998710733683,0.005496214461072009,CERTIFIED,0.0
E01_GT_RECOVERY,discovery,hidden_vulnerability,analytical_single_step,2,theta_1,K1,hidden_vulnerability_c0.0,0.0,L_T_hidden,L_C_hidden,0.001352741336266314,0.005302748117890409,0.0,-0.003950006781624094,0.0039050322093272666,-0.011797462809680253,0.0038974492464320647,CERTIFIED,0.0
E01_GT_RECOVERY,discovery,hidden_vulnerability,analytical_single_step,3,theta_1,K1,hidden_vulnerability_c0.0,0.0,L_T_hidden,L_C_hidden,-0.016827841400064176,-0.01971584895268381,0.0,0.0028880075526196273,0.004080952346612015,-0.005312973227036338,0.011088988332275592,CERTIFIED,0.0
E01_GT_RECOVERY,discovery,hidden_vulnerability,analytical_single_step,4,theta_1,K1,hidden_vulnerability_c0.0,0.0,L_T_hidden,L_C_hidden,0.0003041764701675695,0.002023176414529715,0.0,-0.0017189999443621429,0.0035916730197456817,-0.008936737104708263,0.005498737215983976,CERTIFIED,0.0
E01_GT_RECOVERY,discovery,hidden_vulnerability,analytical_single_step,5,theta_1,K1,hidden_vulnerability_c0.0,0.0,L_T_hidden,L_C_hidden,0.017113563939763203,0.023829073209613107,0.0,-0.006715509269849904,0.0046330762641017785,-0.016026024601920087,0.002595006062220278,CERTIFIED,0.0
E01_GT_RECOVERY,discovery,hidden_vulnerability,analytical_single_step,6,theta_1,K1,hidden_vulnerability_c0.0,0.0,L_T_hidden,L_C_hidden,-0.010749956607382231,-0.01698644769973716,0.0,0.006236491092354928,0.004336498109966282,-0.0024780281252910607,0.014951010310000916,CERTIFIED,0.0
E01_GT_RECOVERY,discovery,hidden_vulnerability,analytical_single_step,7,theta_1,K1,hidden_vulnerability_c0.0,0.0,L_T_hidden,L_C_hidden,0.002847208708644422,0.004328012227861899,0.0,-0.0014808035192174752,0.004144065536145427,-0.00980861500169603,0.006847007963261079,CERTIFIED,0.0
E01_GT_RECOVERY,discovery,hidden_vulnerability,analytical_single_step,8,theta_1,K1,hidden_vulnerability_c0.0,0.0,L_T_hidden,L_C_hidden,-0.004240972914347261,-0.008088595215617356,0.0,0.003847622301270096,0.004324977945737623,-0.004843746279614317,0.012538990882154509,CERTIFIED,0.0
E01_GT_RECOVERY,discovery,hidden_vulnerability,analytical_single_step,9,theta_1,K1,hidden_vulnerability_c0.0,0.0,L_T_hidden,L_C_hidden,0.00120020757534952,-0.010302566867086145,0.0,0.011502774442435661,0.004414961836632339,0.002630576462668687,0.020374972422202636,CERTIFIED,0.0
E01_GT_RECOVERY,discovery,hidden_vulnerability,analytical_single_step,0,theta_1,K1,hidden_vulnerability_c1.0,1.0,L_T_hidden,L_C_hidden,2.703400541260745,-2.6654423290087057,,5.36884287026945,0.011694595510038349,5.3453417007242345,5.392344039814666,CERTIFIED,5.3636150862049385
E01_GT_RECOVERY,discovery,hidden_vulnerability,analytical_single_step,1,theta_1,K1,hidden_vulnerability_c1.0,1.0,L_T_hidden,L_C_hidden,2.6878344756518997,-2.6857570023973456,,5.373591478049246,0.012081078596311695,5.349313641664286,5.397869314434206,CERTIFIED,5.3636150862049385
E01_GT_RECOVERY,discovery,hidden_vulnerability,analytical_single_step,2,theta_1,K1,hidden_vulnerability_c1.0,1.0,L_T_hidden,L_C_hidden,2.6624080526757075,-2.700863974243536,,5.363272026919242,0.012304942204860404,5.338544319770048,5.387999734068436,CERTIFIED,5.3636150862049385
E01_GT_RECOVERY,discovery,hidden_vulnerability,analytical_single_step,3,theta_1,K1,hidden_vulnerability_c1.0,1.0,L_T_hidden,L_C_hidden,2.683521706574083,-2.6827485452040527,,5.366270251778136,0.013979396214630327,5.338177603315197,5.394362900241076,CERTIFIED,5.3636150862049385
E01_GT_RECOVERY,discovery,hidden_vulnerability,analytical_single_step,4,theta_1,K1,hidden_vulnerability_c1.0,1.0,L_T_hidden,L_C_hidden,2.671202021908071,-2.70735427880804,,5.378556300716111,0.013881177320706335,5.35066103051022,5.406451570922003,CERTIFIED,5.3636150862049385
E01_GT_RECOVERY,discovery,hidden_vulnerability,analytical_single_step,5,theta_1,K1,hidden_vulnerability_c1.0,1.0,L_T_hidden,L_C_hidden,2.684652213612767,-2.686277132761088,,5.370929346373855,0.01354505165549403,5.343709545981338,5.3981491467663725,CERTIFIED,5.3636150862049385
E01_GT_RECOVERY,discovery,hidden_vulnerability,analytical_single_step,6,theta_1,K1,hidden_vulnerability_c1.0,1.0,L_T_hidden,L_C_hidden,2.672727546975661,-2.680663379898251,,5.353390926873913,0.014811250567996382,5.323626604501551,5.383155249246275,CERTIFIED,5.3636150862049385
E01_GT_RECOVERY,discovery,hidden_vulnerability,analytical_single_step,7,theta_1,K1,hidden_vulnerability_c1.0,1.0,L_T_hidden,L_C_hidden,2.6905479031317237,-2.6921173377263994,,5.382665240858123,0.013250498592273709,5.356037367007474,5.409293114708772,CERTIFIED,5.3636150862049385
E01_GT_RECOVERY,discovery,hidden_vulnerability,analytical_single_step,8,theta_1,K1,hidden_vulnerability_c1.0,1.0,L_T_hidden,L_C_hidden,2.650030304197502,-2.709281442258142,,5.359311746455644,0.013551443435711791,5.33207910129988,5.386544391611408,CERTIFIED,5.3636150862049385
E01_GT_RECOVERY,discovery,hidden_vulnerability,analytical_single_step,9,theta_1,K1,hidden_vulnerability_c1.0,1.0,L_T_hidden,L_C_hidden,2.6605332964867485,-2.6773049697737297,,5.337838266260478,0.013470196178044222,5.310768893581808,5.364907638939148,CERTIFIED,5.3636150862049385
E01_GT_RECOVERY,discovery,hidden_vulnerability,analytical_single_step,0,theta_1,K1,hidden_vulnerability_c2.0,2.0,L_T_hidden,L_C_hidden,5.364526727690512,-5.398791266945853,,10.763317994636369,0.0294172741961111,10.704201768868023,10.822434220404714,CERTIFIED,10.727230172409877
E01_GT_RECOVERY,discovery,hidden_vulnerability,analytical_single_step,1,theta_1,K1,hidden_vulnerability_c2.0,2.0,L_T_hidden,L_C_hidden,5.350765495555203,-5.372628618599374,,10.723394114154578,0.023680062207596306,10.675807247528512,10.770980980780644,CERTIFIED,10.727230172409877
E01_GT_RECOVERY,discovery,hidden_vulnerability,analytical_single_step,2,theta_1,K1,hidden_vulnerability_c2.0,2.0,L_T_hidden,L_C_hidden,5.365370942356105,-5.345222075852622,,10.710593018208725,0.02282108985776204,10.664732321146264,10.756453715271185,CERTIFIED,10.727230172409877
E01_GT_RECOVERY,discovery,hidden_vulnerability,analytical_single_step,3,theta_1,K1,hidden_vulnerability_c2.0,2.0,L_T_hidden,L_C_hidden,5.377087047066854,-5.364157654004711,,10.741244701071569,0.02546599546767595,10.690068867190881,10.792420534952257,CERTIFIED,10.727230172409877
E01_GT_RECOVERY,discovery,hidden_vulnerability,analytical_single_step,4,theta_1,K1,hidden_vulnerability_c2.0,2.0,L_T_hidden,L_C_hidden,5.3580957657800194,-5.386284597211486,,10.744380362991505,0.022789295101465504,10.69858355988397,10.79017716609904,CERTIFIED,10.727230172409877
E01_GT_RECOVERY,discovery,hidden_vulnerability,analytical_single_step,5,theta_1,K1,hidden_vulnerability_c2.0,2.0,L_T_hidden,L_C_hidden,5.340125987482341,-5.352272738050411,,10.692398725532753,0.024382020440450954,10.643401221024444,10.741396230041062,CERTIFIED,10.727230172409877
E01_GT_RECOVERY,discovery,hidden_vulnerability,analytical_single_step,6,theta_1,K1,hidden_vulnerability_c2.0,2.0,L_T_hidden,L_C_hidden,5.342139759165303,-5.366225767586496,,10.7083655267518,0.027276856903832015,10.653550630571141,10.763180422932459,CERTIFIED,10.727230172409877
E01_GT_RECOVERY,discovery,hidden_vulnerability,analytical_single_step,7,theta_1,K1,hidden_vulnerability_c2.0,2.0,L_T_hidden,L_C_hidden,5.346621872737441,-5.357114772411061,,10.703736645148503,0.028227578773873198,10.647011201840412,10.760462088456594,CERTIFIED,10.727230172409877
E01_GT_RECOVERY,discovery,hidden_vulnerability,analytical_single_step,8,theta_1,K1,hidden_vulnerability_c2.0,2.0,L_T_hidden,L_C_hidden,5.357234488302768,-5.353610131966889,,10.710844620269656,0.025139168551924863,10.66032556966569,10.761363670873623,CERTIFIED,10.727230172409877
E01_GT_RECOVERY,discovery,hidden_vulnerability,analytical_single_step,9,theta_1,K1,hidden_vulnerability_c2.0,2.0,L_T_hidden,L_C_hidden,5.361547676335314,-5.355479938266946,,10.717027614602259,0.026777415582945628,10.663216383332452,10.770838845872065,CERTIFIED,10.727230172409877
E01_GT_RECOVERY,discovery,negative_control,analytical_single_step,0,theta_1,K1,negative_control_c-2.0,-2.0,L_T_negctrl,L_C_negctrl,0.4470407173438607,0.444937127316256,,0.0021035900276046874,0.003319769404022239,-0.004567736359697697,0.008774916414907071,CERTIFIED,0.0
E01_GT_RECOVERY,discovery,negative_control,analytical_single_step,1,theta_1,K1,negative_control_c-2.0,-2.0,L_T_negctrl,L_C_negctrl,0.4380549378464444,0.4417235618059144,,-0.003668623959469932,0.0031799340971992583,-0.010058940776904486,0.002721692857964621,CERTIFIED,0.0
E01_GT_RECOVERY,discovery,negative_control,analytical_single_step,2,theta_1,K1,negative_control_c-2.0,-2.0,L_T_negctrl,L_C_negctrl,0.4695249344463889,0.46738506901580934,,0.002139865430579553,0.0032355149048931267,-0.00436214520165624,0.008641876062815346,CERTIFIED,0.0
E01_GT_RECOVERY,discovery,negative_control,analytical_single_step,3,theta_1,K1,negative_control_c-2.0,-2.0,L_T_negctrl,L_C_negctrl,0.44444301939556496,0.44665395509410316,,-0.002210935698538258,0.0026627241330550045,-0.007561880179632016,0.0031400087825555006,CERTIFIED,0.0
E01_GT_RECOVERY,discovery,negative_control,analytical_single_step,4,theta_1,K1,negative_control_c-2.0,-2.0,L_T_negctrl,L_C_negctrl,0.42515826047715166,0.42245599982600424,,0.0027022606511473645,0.0034363864670645837,-0.004203416498271655,0.009607937800566384,CERTIFIED,0.0
E01_GT_RECOVERY,discovery,negative_control,analytical_single_step,5,theta_1,K1,negative_control_c-2.0,-2.0,L_T_negctrl,L_C_negctrl,0.44486268191373085,0.44852371581977224,,-0.0036610339060413307,0.0032173828907580047,-0.010126606891671906,0.002804539079589244,CERTIFIED,0.0
E01_GT_RECOVERY,discovery,negative_control,analytical_single_step,6,theta_1,K1,negative_control_c-2.0,-2.0,L_T_negctrl,L_C_negctrl,0.4337156836574197,0.4337587310724107,,-4.304741499106202e-05,0.0033666571667675727,-0.0068085982892308605,0.006722503459248736,CERTIFIED,0.0
E01_GT_RECOVERY,discovery,negative_control,analytical_single_step,7,theta_1,K1,negative_control_c-2.0,-2.0,L_T_negctrl,L_C_negctrl,0.43916986903295496,0.43298214015532677,,0.006187728877627969,0.003406435661967316,-0.0006577598755354965,0.013033217630791436,CERTIFIED,0.0
E01_GT_RECOVERY,discovery,negative_control,analytical_single_step,8,theta_1,K1,negative_control_c-2.0,-2.0,L_T_negctrl,L_C_negctrl,0.4527635567448028,0.45047518980086165,,0.002288366943940939,0.0029188222255692284,-0.0035772259221454367,0.008153959810027315,CERTIFIED,0.0
E01_GT_RECOVERY,discovery,negative_control,analytical_single_step,9,theta_1,K1,negative_control_c-2.0,-2.0,L_T_negctrl,L_C_negctrl,0.4651047725040236,0.47059811468779694,,-0.00549334218377333,0.00341448965466825,-0.012355016041228612,0.0013683316736819526,CERTIFIED,0.0
E01_GT_RECOVERY,discovery,negative_control,analytical_single_step,0,theta_1,K1,negative_control_c-1.0,-1.0,L_T_negctrl,L_C_negctrl,0.5536826470208297,0.5527927070503247,,0.0008899399705052302,0.004024697936761698,-0.00719799334013622,0.00897787328114668,CERTIFIED,0.0
E01_GT_RECOVERY,discovery,negative_control,analytical_single_step,1,theta_1,K1,negative_control_c-1.0,-1.0,L_T_negctrl,L_C_negctrl,0.5711240184662849,0.5668521510325256,,0.004271867433759263,0.004283559890332508,-0.004336268448612986,0.012880003316131513,CERTIFIED,0.0
E01_GT_RECOVERY,discovery,negative_control,analytical_single_step,2,theta_1,K1,negative_control_c-1.0,-1.0,L_T_negctrl,L_C_negctrl,0.5531144305611018,0.5576900446794658,,-0.004575614118364027,0.0031486893666309267,-0.010903142298957686,0.0017519140622296314,CERTIFIED,0.0
E01_GT_RECOVERY,discovery,negative_control,analytical_single_step,3,theta_1,K1,negative_control_c-1.0,-1.0,L_T_negctrl,L_C_negctrl,0.5698660316101292,0.5681472767274311,,0.0017187548826980736,0.0033169874636635012,-0.0049469809861482205,0.008384490751544368,CERTIFIED,0.0
E01_GT_RECOVERY,discovery,negative_control,analytical_single_step,4,theta_1,K1,negative_control_c-1.0,-1.0,L_T_negctrl,L_C_negctrl,0.5495464920469011,0.5464179242489715,,0.003128567797929438,0.0042507925287023724,-0.00541371960592483,0.011670855201783707,CERTIFIED,0.0
E01_GT_RECOVERY,discovery,negative_control,analytical_single_step,5,theta_1,K1,negative_control_c-1.0,-1.0,L_T_negctrl,L_C_negctrl,0.5494726645382138,0.5489997923554809,,0.0004728721827328497,0.004130236779880409,-0.00782714937359523,0.008772893739060927,CERTIFIED,0.0
E01_GT_RECOVERY,discovery,negative_control,analytical_single_step,6,theta_1,K1,negative_control_c-1.0,-1.0,L_T_negctrl,L_C_negctrl,0.582694279158299,0.5803260215415464,,0.002368257616752627,0.004020346825638642,-0.00571093180872193,0.010447447042227184,CERTIFIED,0.0
E01_GT_RECOVERY,discovery,negative_control,analytical_single_step,7,theta_1,K1,negative_control_c-1.0,-1.0,L_T_negctrl,L_C_negctrl,0.5721157974819425,0.5759323782984797,,-0.003816580816537131,0.00377666537109187,-0.011406074025206861,0.0037729123921326,CERTIFIED,0.0
E01_GT_RECOVERY,discovery,negative_control,analytical_single_step,8,theta_1,K1,negative_control_c-1.0,-1.0,L_T_negctrl,L_C_negctrl,0.5426144596447195,0.5406025259318086,,0.0020119337129110627,0.0039594755258834215,-0.005944930255923533,0.009968797681745658,CERTIFIED,0.0
E01_GT_RECOVERY,discovery,negative_control,analytical_single_step,9,theta_1,K1,negative_control_c-1.0,-1.0,L_T_negctrl,L_C_negctrl,0.5686796763634249,0.5679357138292525,,0.0007439625341724688,0.003766097893640744,-0.006824294533492557,0.008312219601837496,CERTIFIED,0.0
E01_GT_RECOVERY,discovery,negative_control,analytical_single_step,0,theta_1,K1,negative_control_c0.0,0.0,L_T_negctrl,L_C_negctrl,0.6555615877599681,0.6555006764886282,0.6675453655556607,6.09112713396942e-05,0.004516023709760469,-0.009014378146083468,0.009136200688762856,CERTIFIED,0.0
E01_GT_RECOVERY,discovery,negative_control,analytical_single_step,1,theta_1,K1,negative_control_c0.0,0.0,L_T_negctrl,L_C_negctrl,0.6525913941540756,0.6555525486608734,0.6675453655556607,-0.0029611545067976808,0.004441589815007064,-0.011886863412521315,0.005964554398925953,CERTIFIED,0.0
E01_GT_RECOVERY,discovery,negative_control,analytical_single_step,2,theta_1,K1,negative_control_c0.0,0.0,L_T_negctrl,L_C_negctrl,0.6667788822803137,0.6686515633441936,0.6675453655556607,-0.0018726810638797576,0.004097260574427333,-0.010106434454314847,0.006361072326555333,CERTIFIED,0.0
E01_GT_RECOVERY,discovery,negative_control,analytical_single_step,3,theta_1,K1,negative_control_c0.0,0.0,L_T_negctrl,L_C_negctrl,0.6531503664476915,0.6530643223071724,0.6675453655556607,8.604414051905263e-05,0.003758463868605056,-0.007466871779474631,0.007638960060512736,CERTIFIED,0.0
E01_GT_RECOVERY,discovery,negative_control,analytical_single_step,4,theta_1,K1,negative_control_c0.0,0.0,L_T_negctrl,L_C_negctrl,0.6822355648835996,0.6870784536655128,0.6675453655556607,-0.004842888781913104,0.0039719582045524525,-0.012824837632694026,0.0031390600688678185,CERTIFIED,0.0
E01_GT_RECOVERY,discovery,negative_control,analytical_single_step,5,theta_1,K1,negative_control_c0.0,0.0,L_T_negctrl,L_C_negctrl,0.6471321792412448,0.6372043333238868,0.6675453655556607,0.009927845917357788,0.004468439348401715,0.0009481808541957886,0.018907510980519786,CERTIFIED,0.0
E01_GT_RECOVERY,discovery,negative_control,analytical_single_step,6,theta_1,K1,negative_control_c0.0,0.0,L_T_negctrl,L_C_negctrl,0.6346362157200247,0.6358813005423926,0.6675453655556607,-0.0012450848223678056,0.00543652592599224,-0.012170192699252918,0.009680023054517305,CERTIFIED,0.0
E01_GT_RECOVERY,discovery,negative_control,analytical_single_step,7,theta_1,K1,negative_control_c0.0,0.0,L_T_negctrl,L_C_negctrl,0.6675316498639059,0.6643560440276537,0.6675453655556607,0.003175605836252129,0.004195597315319963,-0.0052557626335807866,0.011606974306085045,CERTIFIED,0.0
E01_GT_RECOVERY,discovery,negative_control,analytical_single_step,8,theta_1,K1,negative_control_c0.0,0.0,L_T_negctrl,L_C_negctrl,0.6598652859596608,0.6593928755606012,0.6675453655556607,0.0004724103990595363,0.004213024470486758,-0.007993979250250178,0.008938800048369252,CERTIFIED,0.0
E01_GT_RECOVERY,discovery,negative_control,analytical_single_step,9,theta_1,K1,negative_control_c0.0,0.0,L_T_negctrl,L_C_negctrl,0.6700093764516821,0.6694189272472097,0.6675453655556607,0.000590449204472101,0.004848515890170173,-0.00915300826524151,0.010333906674185711,CERTIFIED,0.0
E01_GT_RECOVERY,discovery,negative_control,analytical_single_step,0,theta_1,K1,negative_control_c1.0,1.0,L_T_negctrl,L_C_negctrl,0.8033666680131348,0.8057556128789551,,-0.0023889448658201817,0.005602159016288818,-0.013646904899414489,0.008869015167774125,CERTIFIED,0.0
E01_GT_RECOVERY,discovery,negative_control,analytical_single_step,1,theta_1,K1,negative_control_c1.0,1.0,L_T_negctrl,L_C_negctrl,0.7925851532850848,0.796256994205378,,-0.003671840920293339,0.004319705003730164,-0.012352613127492744,0.005008931286906066,CERTIFIED,0.0
E01_GT_RECOVERY,discovery,negative_control,analytical_single_step,2,theta_1,K1,negative_control_c1.0,1.0,L_T_negctrl,L_C_negctrl,0.7480491191495267,0.7500854756854513,,-0.002036356535924699,0.004896401664832194,-0.011876044072609858,0.00780333100076046,CERTIFIED,0.0
E01_GT_RECOVERY,discovery,negative_control,analytical_single_step,3,theta_1,K1,negative_control_c1.0,1.0,L_T_negctrl,L_C_negctrl,0.7747726769827021,0.7772513362711604,,-0.002478659288458376,0.005217434298265429,-0.012963486055601351,0.008006167478684599,CERTIFIED,0.0
E01_GT_RECOVERY,discovery,negative_control,analytical_single_step,4,theta_1,K1,negative_control_c1.0,1.0,L_T_negctrl,L_C_negctrl,0.8076628550841971,0.8100856987080786,,-0.002422843623881332,0.004815764953221952,-0.012100485621711017,0.007254798373948352,CERTIFIED,0.0
E01_GT_RECOVERY,discovery,negative_control,analytical_single_step,5,theta_1,K1,negative_control_c1.0,1.0,L_T_negctrl,L_C_negctrl,0.7407999426505723,0.7546381188151103,,-0.013838176164538167,0.005542676438323056,-0.02497660148241187,-0.002699750846664465,CERTIFIED,0.0
E01_GT_RECOVERY,discovery,negative_control,analytical_single_step,6,theta_1,K1,negative_control_c1.0,1.0,L_T_negctrl,L_C_negctrl,0.7695019095517158,0.7679232926345493,,0.0015786169171666598,0.004376320475833792,-0.007215928340810578,0.010373162175143898,CERTIFIED,0.0
E01_GT_RECOVERY,discovery,negative_control,analytical_single_step,7,theta_1,K1,negative_control_c1.0,1.0,L_T_negctrl,L_C_negctrl,0.7699160579480978,0.7771634704392154,,-0.007247412491117331,0.005211431250944415,-0.017720175683016683,0.003225350700782021,CERTIFIED,0.0
E01_GT_RECOVERY,discovery,negative_control,analytical_single_step,8,theta_1,K1,negative_control_c1.0,1.0,L_T_negctrl,L_C_negctrl,0.7857995327762847,0.7916084670325104,,-0.005808934256225673,0.0049582632197564605,-0.01577293724181695,0.004155068729365602,CERTIFIED,0.0
E01_GT_RECOVERY,discovery,negative_control,analytical_single_step,9,theta_1,K1,negative_control_c1.0,1.0,L_T_negctrl,L_C_negctrl,0.7842345131323198,0.7775908276134003,,0.006643685518919569,0.0050785641970113,-0.00356207133156548,0.016849442369404617,CERTIFIED,0.0
E01_GT_RECOVERY,discovery,negative_control,analytical_single_step,0,theta_1,K1,negative_control_c2.0,2.0,L_T_negctrl,L_C_negctrl,0.8930451514586362,0.8937181908127654,,-0.0006730393541293123,0.007300142208429721,-0.015343224363711638,0.013997145655453012,CERTIFIED,0.0
E01_GT_RECOVERY,discovery,negative_control,analytical_single_step,1,theta_1,K1,negative_control_c2.0,2.0,L_T_negctrl,L_C_negctrl,0.8932338670242765,0.8950715773634558,,-0.0018377103391792348,0.007209455350065055,-0.01632565328385888,0.012650232605500411,CERTIFIED,0.0
E01_GT_RECOVERY,discovery,negative_control,analytical_single_step,2,theta_1,K1,negative_control_c2.0,2.0,L_T_negctrl,L_C_negctrl,0.9126708183578045,0.9160858765564407,,-0.003415058198636407,0.0057102342354833965,-0.014890203516471454,0.008060087119198641,CERTIFIED,0.0
E01_GT_RECOVERY,discovery,negative_control,analytical_single_step,3,theta_1,K1,negative_control_c2.0,2.0,L_T_negctrl,L_C_negctrl,0.9011332905130157,0.8961678592460046,,0.00496543126701108,0.004826671389715418,-0.004734128035521197,0.014664990569543356,CERTIFIED,0.0
E01_GT_RECOVERY,discovery,negative_control,analytical_single_step,4,theta_1,K1,negative_control_c2.0,2.0,L_T_negctrl,L_C_negctrl,0.8823054353264813,0.8838214467846097,,-0.0015160114581283302,0.006206218691954334,-0.013987874857688378,0.010955851941431718,CERTIFIED,0.0
E01_GT_RECOVERY,discovery,negative_control,analytical_single_step,5,theta_1,K1,negative_control_c2.0,2.0,L_T_negctrl,L_C_negctrl,0.8721873220799,0.8686552213228096,,0.003532100757090577,0.006164610677302103,-0.008856148206558237,0.015920349720739392,CERTIFIED,0.0
E01_GT_RECOVERY,discovery,negative_control,analytical_single_step,6,theta_1,K1,negative_control_c2.0,2.0,L_T_negctrl,L_C_negctrl,0.8931474516019051,0.8936350777752987,,-0.00048762617339354053,0.006741744071500206,-0.01403566811454321,0.013060415767756128,CERTIFIED,0.0
E01_GT_RECOVERY,discovery,negative_control,analytical_single_step,7,theta_1,K1,negative_control_c2.0,2.0,L_T_negctrl,L_C_negctrl,0.8907681132720526,0.9055038681669384,,-0.014735754894885907,0.0062359892029372165,-0.02726744437611384,-0.002204065413657974,CERTIFIED,0.0
E01_GT_RECOVERY,discovery,negative_control,analytical_single_step,8,theta_1,K1,negative_control_c2.0,2.0,L_T_negctrl,L_C_negctrl,0.8798143193591683,0.8741774489767861,,0.005636870382382233,0.0062170532644190615,-0.0068567659057078125,0.01813050667047228,CERTIFIED,0.0
E01_GT_RECOVERY,discovery,negative_control,analytical_single_step,9,theta_1,K1,negative_control_c2.0,2.0,L_T_negctrl,L_C_negctrl,0.8858334320957515,0.8726638133996358,,0.013169618696115725,0.006624255170449323,-0.00014232045884456264,0.02648155785107601,CERTIFIED,0.0
E01_GT_RECOVERY,discovery,positive_control,analytical_single_step,0,theta_1,K1,positive_control_c-2.0,-2.0,L_T_posctrl,L_C_posctrl,9.48353324373407,-9.510037441035783,,18.99357068476985,0.008896284180008849,18.97569293237924,19.01144843716046,CERTIFIED,18.99913740133451
E01_GT_RECOVERY,discovery,positive_control,analytical_single_step,1,theta_1,K1,positive_control_c-2.0,-2.0,L_T_posctrl,L_C_posctrl,9.494103839048973,-9.513164054266896,,19.00726789331587,0.008308466475014506,18.99057140482916,19.02396438180258,CERTIFIED,18.99913740133451
E01_GT_RECOVERY,discovery,positive_control,analytical_single_step,2,theta_1,K1,positive_control_c-2.0,-2.0,L_T_posctrl,L_C_posctrl,9.4998651869753,-9.500443949768371,,19.00030913674367,0.008373159569944472,18.983482642615378,19.017135630871962,CERTIFIED,18.99913740133451
E01_GT_RECOVERY,discovery,positive_control,analytical_single_step,3,theta_1,K1,positive_control_c-2.0,-2.0,L_T_posctrl,L_C_posctrl,9.478157570217407,-9.522887702484214,,19.00104527270162,0.00835991840259295,18.98424538769535,19.017845157707892,CERTIFIED,18.99913740133451
E01_GT_RECOVERY,discovery,positive_control,analytical_single_step,4,theta_1,K1,positive_control_c-2.0,-2.0,L_T_posctrl,L_C_posctrl,9.488260083878442,-9.519387126651777,,19.007647210530223,0.008380420813309192,18.990806124387074,19.024488296673372,CERTIFIED,18.99913740133451
E01_GT_RECOVERY,discovery,positive_control,analytical_single_step,5,theta_1,K1,positive_control_c-2.0,-2.0,L_T_posctrl,L_C_posctrl,9.494246627226785,-9.499096190020015,,18.993342817246802,0.006853780071433626,18.97956963053452,19.007116003959084,CERTIFIED,18.99913740133451
E01_GT_RECOVERY,discovery,positive_control,analytical_single_step,6,theta_1,K1,positive_control_c-2.0,-2.0,L_T_posctrl,L_C_posctrl,9.520920801452666,-9.474813525092475,,18.99573432654514,0.00832797905623479,18.9789986260584,19.01247002703188,CERTIFIED,18.99913740133451
E01_GT_RECOVERY,discovery,positive_control,analytical_single_step,7,theta_1,K1,positive_control_c-2.0,-2.0,L_T_posctrl,L_C_posctrl,9.484364012454858,-9.507811832091884,,18.99217584454674,0.00829058408594384,18.97551529206629,19.00883639702719,CERTIFIED,18.99913740133451
E01_GT_RECOVERY,discovery,positive_control,analytical_single_step,8,theta_1,K1,positive_control_c-2.0,-2.0,L_T_posctrl,L_C_posctrl,9.530264216848126,-9.467685248400462,,18.99794946524859,0.0078152237114106,18.982244185205513,19.013654745291664,CERTIFIED,18.99913740133451
E01_GT_RECOVERY,discovery,positive_control,analytical_single_step,9,theta_1,K1,positive_control_c-2.0,-2.0,L_T_posctrl,L_C_posctrl,9.488123941437433,-9.517222329813311,,19.00534627125074,0.00724920207396205,18.99077845427396,19.01991408822752,CERTIFIED,18.99913740133451
E01_GT_RECOVERY,discovery,positive_control,analytical_single_step,0,theta_1,K1,positive_control_c-1.0,-1.0,L_T_posctrl,L_C_posctrl,9.516572636420655,-9.495574518360717,,19.012147154781374,0.0074415714461213,18.997192757077922,19.027101552484826,CERTIFIED,18.99913740133451
E01_GT_RECOVERY,discovery,positive_control,analytical_single_step,1,theta_1,K1,positive_control_c-1.0,-1.0,L_T_posctrl,L_C_posctrl,9.499106862230697,-9.490807165205343,,18.98991402743604,0.007089721177108292,18.97566669932037,19.00416135555171,CERTIFIED,18.99913740133451
E01_GT_RECOVERY,discovery,positive_control,analytical_single_step,2,theta_1,K1,positive_control_c-1.0,-1.0,L_T_posctrl,L_C_posctrl,9.484387902633332,-9.507226138438886,,18.991614041072218,0.006609626305945531,18.97833149972111,19.004896582423324,CERTIFIED,18.99913740133451
E01_GT_RECOVERY,discovery,positive_control,analytical_single_step,3,theta_1,K1,positive_control_c-1.0,-1.0,L_T_posctrl,L_C_posctrl,9.496992369572064,-9.502085141822965,,18.99907751139503,0.008934765236186736,18.981122428426826,19.017032594363233,CERTIFIED,18.99913740133451
E01_GT_RECOVERY,discovery,positive_control,analytical_single_step,4,theta_1,K1,positive_control_c-1.0,-1.0,L_T_posctrl,L_C_posctrl,9.52496740940428,-9.469819011095236,,18.994786420499512,0.008463042384971248,18.9777793000919,19.011793540907124,CERTIFIED,18.99913740133451
E01_GT_RECOVERY,discovery,positive_control,analytical_single_step,5,theta_1,K1,positive_control_c-1.0,-1.0,L_T_posctrl,L_C_posctrl,9.517759131942794,-9.480829349508424,,18.998588481451222,0.008889130758660347,18.980725104399014,19.01645185850343,CERTIFIED,18.99913740133451
E01_GT_RECOVERY,discovery,positive_control,analytical_single_step,6,theta_1,K1,positive_control_c-1.0,-1.0,L_T_posctrl,L_C_posctrl,9.484783549675573,-9.512508216053803,,18.997291765729376,0.008377473703432904,18.980456602025257,19.014126929433495,CERTIFIED,18.99913740133451
E01_GT_RECOVERY,discovery,positive_control,analytical_single_step,7,theta_1,K1,positive_control_c-1.0,-1.0,L_T_posctrl,L_C_posctrl,9.509217222359826,-9.494599162417707,,19.003816384777533,0.00888799769330608,18.985955284705405,19.02167748484966,CERTIFIED,18.99913740133451
E01_GT_RECOVERY,discovery,positive_control,analytical_single_step,8,theta_1,K1,positive_control_c-1.0,-1.0,L_T_posctrl,L_C_posctrl,9.493704343539042,-9.51713814149823,,19.010842485037273,0.007943118468141646,18.99488019085811,19.026804779216434,CERTIFIED,18.99913740133451
E01_GT_RECOVERY,discovery,positive_control,analytical_single_step,9,theta_1,K1,positive_control_c-1.0,-1.0,L_T_posctrl,L_C_posctrl,9.521410355806033,-9.471478279057479,,18.992888634863515,0.006951446741685673,18.9789191796292,19.00685809009783,CERTIFIED,18.99913740133451
E01_GT_RECOVERY,discovery,positive_control,analytical_single_step,0,theta_1,K1,positive_control_c0.0,0.0,L_T_posctrl,L_C_posctrl,9.50181232704718,-9.503985077785517,9.499568700667256,19.005797404832695,0.008084453385030249,18.989551087504413,19.022043722160976,CERTIFIED,18.99913740133451
E01_GT_RECOVERY,discovery,positive_control,analytical_single_step,1,theta_1,K1,positive_control_c0.0,0.0,L_T_posctrl,L_C_posctrl,9.496394284355548,-9.507619583781146,9.499568700667256,19.004013868136695,0.008466018194467753,18.987000767616006,19.021026968657385,CERTIFIED,18.99913740133451
E01_GT_RECOVERY,discovery,positive_control,analytical_single_step,2,theta_1,K1,positive_control_c0.0,0.0,L_T_posctrl,L_C_posctrl,9.461284221214964,-9.532723653206064,9.499568700667256,18.994007874421026,0.007489942128077831,18.97895627219291,19.009059476649142,CERTIFIED,18.99913740133451
E01_GT_RECOVERY,discovery,positive_control,analytical_single_step,3,theta_1,K1,positive_control_c0.0,0.0,L_T_posctrl,L_C_posctrl,9.522643120764762,-9.476512670346606,9.499568700667256,18.999155791111367,0.008365381797386997,18.982344927002206,19.015966655220527,CERTIFIED,18.99913740133451
E01_GT_RECOVERY,discovery,positive_control,analytical_single_step,4,theta_1,K1,positive_control_c0.0,0.0,L_T_posctrl,L_C_posctrl,9.500505694283923,-9.500570918155297,9.499568700667256,19.001076612439217,0.008262693231711868,18.984472108728774,19.01768111614966,CERTIFIED,18.99913740133451
E01_GT_RECOVERY,discovery,positive_control,analytical_single_step,5,theta_1,K1,positive_control_c0.0,0.0,L_T_posctrl,L_C_posctrl,9.500491993404399,-9.491331582401665,9.499568700667256,18.991823575806063,0.008286299379020973,18.975171633766543,19.008475517845582,CERTIFIED,18.99913740133451
E01_GT_RECOVERY,discovery,positive_control,analytical_single_step,6,theta_1,K1,positive_control_c0.0,0.0,L_T_posctrl,L_C_posctrl,9.486079716322395,-9.507490537169614,9.499568700667256,18.993570253492013,0.007488961214190811,18.978520622484155,19.008619884499872,CERTIFIED,18.99913740133451
E01_GT_RECOVERY,discovery,positive_control,analytical_single_step,7,theta_1,K1,positive_control_c0.0,0.0,L_T_posctrl,L_C_posctrl,9.506288831046989,-9.502434733622076,9.499568700667256,19.008723564669065,0.006909017869616282,18.9948393734454,19.02260775589273,CERTIFIED,18.99913740133451
E01_GT_RECOVERY,discovery,positive_control,analytical_single_step,8,theta_1,K1,positive_control_c0.0,0.0,L_T_posctrl,L_C_posctrl,9.495630382950539,-9.51047634045808,9.499568700667256,19.00610672340862,0.008036582562033713,18.98995660610081,19.02225684071643,CERTIFIED,18.99913740133451
E01_GT_RECOVERY,discovery,positive_control,analytical_single_step,9,theta_1,K1,positive_control_c0.0,0.0,L_T_posctrl,L_C_posctrl,9.476651559724985,-9.510972336147335,9.499568700667256,18.987623895872318,0.007247167451338581,18.97306016762278,19.002187624121856,CERTIFIED,18.99913740133451
E01_GT_RECOVERY,discovery,positive_control,analytical_single_step,0,theta_1,K1,positive_control_c1.0,1.0,L_T_posctrl,L_C_posctrl,9.501321061975597,-9.501785321332244,,19.00310638330784,0.008397663696341498,18.986230646293933,19.01998212032175,CERTIFIED,18.99913740133451
E01_GT_RECOVERY,discovery,positive_control,analytical_single_step,1,theta_1,K1,positive_control_c1.0,1.0,L_T_posctrl,L_C_posctrl,9.478453007362782,-9.518455430324767,,18.99690843768755,0.00783873713490703,18.981155905650876,19.012660969724227,CERTIFIED,18.99913740133451
E01_GT_RECOVERY,discovery,positive_control,analytical_single_step,2,theta_1,K1,positive_control_c1.0,1.0,L_T_posctrl,L_C_posctrl,9.48783492546082,-9.522074452770688,,19.00990937823151,0.008307028372669284,18.993215779719662,19.026602976743355,CERTIFIED,18.99913740133451
E01_GT_RECOVERY,discovery,positive_control,analytical_single_step,3,theta_1,K1,positive_control_c1.0,1.0,L_T_posctrl,L_C_posctrl,9.50546361567583,-9.50759008871356,,19.01305370438939,0.007119424931814787,18.998746684343814,19.027360724434963,CERTIFIED,18.99913740133451
E01_GT_RECOVERY,discovery,positive_control,analytical_single_step,4,theta_1,K1,positive_control_c1.0,1.0,L_T_posctrl,L_C_posctrl,9.513590883763253,-9.495325361707147,,19.0089162454704,0.00726653225372034,18.99431360219352,19.023518888747276,CERTIFIED,18.99913740133451
E01_GT_RECOVERY,discovery,positive_control,analytical_single_step,5,theta_1,K1,positive_control_c1.0,1.0,L_T_posctrl,L_C_posctrl,9.484344667269143,-9.502403098222176,,18.98674776549132,0.009298953134733251,18.968060819540533,19.005434711442106,CERTIFIED,18.99913740133451
E01_GT_RECOVERY,discovery,positive_control,analytical_single_step,6,theta_1,K1,positive_control_c1.0,1.0,L_T_posctrl,L_C_posctrl,9.514839976764277,-9.493788263877486,,19.008628240641766,0.007554551263708812,18.993446801494592,19.02380967978894,CERTIFIED,18.99913740133451
E01_GT_RECOVERY,discovery,positive_control,analytical_single_step,7,theta_1,K1,positive_control_c1.0,1.0,L_T_posctrl,L_C_posctrl,9.501871922268295,-9.499428416947529,,19.001300339215824,0.007018864680306209,18.987195402561518,19.01540527587013,CERTIFIED,18.99913740133451
E01_GT_RECOVERY,discovery,positive_control,analytical_single_step,8,theta_1,K1,positive_control_c1.0,1.0,L_T_posctrl,L_C_posctrl,9.478194697306865,-9.51066342956126,,18.988858126868124,0.008573175093295743,18.971629686497064,19.006086567239183,CERTIFIED,18.99913740133451
E01_GT_RECOVERY,discovery,positive_control,analytical_single_step,9,theta_1,K1,positive_control_c1.0,1.0,L_T_posctrl,L_C_posctrl,9.519769420118928,-9.48295100599746,,19.00272042611639,0.007803033194380349,18.987039643834468,19.018401208398313,CERTIFIED,18.99913740133451
E01_GT_RECOVERY,discovery,positive_control,analytical_single_step,0,theta_1,K1,positive_control_c2.0,2.0,L_T_posctrl,L_C_posctrl,9.491683332519385,-9.50027859600158,,18.991961928520965,0.008536312258701217,18.974807566789476,19.009116290252454,CERTIFIED,18.99913740133451
E01_GT_RECOVERY,discovery,positive_control,analytical_single_step,1,theta_1,K1,positive_control_c2.0,2.0,L_T_posctrl,L_C_posctrl,9.510883140869439,-9.480322689346375,,18.99120583021581,0.008220125031227796,18.97468687050695,19.007724789924673,CERTIFIED,18.99913740133451
E01_GT_RECOVERY,discovery,positive_control,analytical_single_step,2,theta_1,K1,positive_control_c2.0,2.0,L_T_posctrl,L_C_posctrl,9.484261757891337,-9.509120288022752,,18.99338204591409,0.007010371123893376,18.979294177700428,19.00746991412775,CERTIFIED,18.99913740133451
E01_GT_RECOVERY,discovery,positive_control,analytical_single_step,3,theta_1,K1,positive_control_c2.0,2.0,L_T_posctrl,L_C_posctrl,9.477668297866686,-9.527160349039015,,19.0048286469057,0.008327391203435472,18.98809412775339,19.021563166058012,CERTIFIED,18.99913740133451
E01_GT_RECOVERY,discovery,positive_control,analytical_single_step,4,theta_1,K1,positive_control_c2.0,2.0,L_T_posctrl,L_C_posctrl,9.494139705678267,-9.500903570033739,,18.995043275712007,0.008245072036550996,18.97847418311901,19.011612368305006,CERTIFIED,18.99913740133451
E01_GT_RECOVERY,discovery,positive_control,analytical_single_step,5,theta_1,K1,positive_control_c2.0,2.0,L_T_posctrl,L_C_posctrl,9.517443834822236,-9.486410215713716,,19.003854050535953,0.008195236438012876,18.987385106327704,19.020322994744202,CERTIFIED,18.99913740133451
E01_GT_RECOVERY,discovery,positive_control,analytical_single_step,6,theta_1,K1,positive_control_c2.0,2.0,L_T_posctrl,L_C_posctrl,9.520658387710101,-9.483219348383669,,19.00387773609377,0.008718646627659475,18.986356959729545,19.021398512457996,CERTIFIED,18.99913740133451
E01_GT_RECOVERY,discovery,positive_control,analytical_single_step,7,theta_1,K1,positive_control_c2.0,2.0,L_T_posctrl,L_C_posctrl,9.503190609966351,-9.51000768186503,,19.013198291831383,0.00795416261778365,18.997213803602587,19.02918278006018,CERTIFIED,18.99913740133451
E01_GT_RECOVERY,discovery,positive_control,analytical_single_step,8,theta_1,K1,positive_control_c2.0,2.0,L_T_posctrl,L_C_posctrl,9.51340438016175,-9.47926790166957,,18.992672281831325,0.007441877605789636,18.977717268876983,19.007627294785667,CERTIFIED,18.99913740133451
E01_GT_RECOVERY,discovery,positive_control,analytical_single_step,9,theta_1,K1,positive_control_c2.0,2.0,L_T_posctrl,L_C_posctrl,9.521605578727792,-9.487609398372344,,19.009214977100136,0.007385785561538316,18.994372685328923,19.02405726887135,CERTIFIED,18.99913740133451
